Topic,Review_Raw,Tokens,Representative_document
41,조아요~~~~~~~^~~~~~~~~~~^~~~^^^^^^^^^^^^^^^^^^^~~♡♡♡♡♡♡♡♡♡♡♡♡♡♡-♡♡♡♡♡♡♡♡♡♡♡♡♡♡♡♡♡♡♡♡♡♡♡♡♡♡♡♡♡♡♡♡♡♡♡♡♡♡♡♡♡♡♡♡♡♡♡♡♡♡♡♡♡♡♡♡♡♡♡♡♡♡♡♡♡♡♡♡♡♡♡♡♡♡♡--♡-♡--,조아,True
3,"💧💧피부속 수분을 채워주는 수분촉촉 크림스킨💧💧

라네즈 크림스킨은 처음 출시되었을때부터 현재 리뉴얼된 제품까지 몇년동안 쭈우욱~~ 쓰고잇어요~🙌

피부 기초단계때 닦토할때 화장솜에 적셔서 피부결도 정리할때 크림스킨을 사용하고 피부속 수분을 채워주기 위해서 화장솜패드에 듬뿍 적셔서 양쪽 볼이랑 이마에 팩처럼 사용하고 잇는데 정말 꾸준히 몇년을 사용하니 속건조도 없어지고 피부과 다년온것 처럼 물광피부로 바뀌더라구요🚩

피부장벽부터 탄탄하게 만들어주고 수분을 모공 속부터 채워주어서 하루종일 피부건조함 없이 만들어주고 너무너무 착한 보습스킨인것 같아요~~

얼마전에 리뉴얼되었는데 용기 디자인도 더 귀여워지고 용량도 더 많아져서 넘 좋아요~~

저는 피부 기초케어에서 스킨단계가 가장 중요하다고 생각하기때문에 스킨 고를때 가장 신중한 편인데 라네즈 크림스킨 제품을 한번 써보고 몇년째 정착해버렸습니다~~~~

크림을 녹여서 만든 스킨이라 역시 보습+탄력+장벽케어 를 한번에 할수 잇다는 장점이 너무 좋아요",피부 수분 수분 크림 스킨 크림 스킨 처음 출시 리뉴얼 동안 쭈우욱 피부 기초 단계 화장 피부 정리 크림 스킨 피부 수분 화장 패드 양쪽 이마 건조 피부과 다년 피부 피부 장벽 탄탄하다 수분 모공 하루 종일 피부 건조 착하다 보습 스킨 얼마 리뉴얼 용기 디자인 용량 피부 기초 케어 스킨 단계 중요 스킨 신중 크림 스킨 정착 크림 스킨 보습 탄력 장벽 케어 장점,True
-1,"예전에 크림스킨이 처음 출시되었을때 진짜 획기적인 제품이라는 생각이 들었어요
크림과 스킨을 접목할 생각을 하시다니..!!
미스트펌프도 같이 구성되어있어서 건조함을 느낄때 수시로 크림미스트 뿌려주면 촉촉하니 넘좋아요!! 
본품에 리필에 샘플까지 구성되어있어서 가성비좋게 너무 잘샀습니당ㅎㅎ",예전 크림 스킨 처음 출시 획기적 크림 스킨 접목 미스트 펌프 구성 건조 크림 미스트 리필 샘플 구성 가성비,True
6,"거의 다 써갑니당 ㅎㅎㅎ 믿고 쓰는 라네즈 크림스킨~~~~ 화장하기 전에 뿌리고 흡수시키면 화장 잘 먹어거 좋습니당!! 좋아서 친구들한테도 선물했어용 ㅎㅎㅎㅎ 가을 겨울에 딱인 느낌 ㅎㅎ 보습 좋아요~~ 그리고 미스트펌프 너무 편해서 잘 쓰고있습니다…
세안 후 칙칙 뿌리면 보습 끝!!!",크림 스킨 화장 흡수 화장 친구 선물 가을 겨울 보습 미스트 펌프 편하다 세안 보습,True
25,"퍼펙트리뉴 3X 세럼 어드밴스드 기획세트 한 달 사용 후, 피부 톤이 확실히 맑아지고 눈에 띄던 모공이 줄어든 게 느껴졌어요. 보습감도 좋아 촉촉하게 흡수되고, 크림과 함께 쓰면 피부가 더욱 쫀쫀해집니다. 주름, 탄력, 광채까지 한 번에 관리할 수 있어 재구매 의사 있어요.",퍼펙트 세럼 어드밴스드 기획 세트 피부 모공 보습 촉촉하다 흡수 크림 피부 쫀쫀 주름 탄력 광채 관리 의사,True
25,"라네즈 퍼펙트 리뉴 3X 시그니처 세럼 은 주름개선, 탄력, 광채 3가지 효과가 있는 3가지 제형의 세럼을 포함하여 한꺼번에 짜서 섞어서 적용할 수 있는 신기한 세럼이라서 더 좋고 효과가 극대화 되는 것 같아서 만족스럽습니다",퍼펙트 시그니처 세럼 주름 개선 탄력 광채 효과 제형 세럼 포함 적용 세럼 효과 극대 만족,True
28,특이하게 3가지 에센스가 동시에주름 탄력 광채를 한꺼번에 해결할 수 있는 복합세럼인데 의외로 산뜻하게 스미면서 촉촉해서 좋아요,특이 에센스 동시 주름 탄력 광채 해결 복합 세럼,True
14,선물하려고 구매했어여. 좋아하시네요.,선물,True
2,"선물했는데 발림성도 좋고
순하다고 만족해 하십니다",선물 발림 순하다 만족,True
-1,조아욥~~~~~~~~~~~~~~~~~~~,조아,True
-1,조아욥~~~~~~~~~~~~~~~~~~,조아,True
45,"원지 유튜브 보고 주문했어요~ 상품이 나온다는거 알고 아모레 들어와보니 제품 판매를 하고 있네요
원지 유튜브에서 말한거처럼 에센스 처럼 원한다고 하더니 진짜 썬크림 같지안고 기초 화장품 처럼 발림성이 나와요",원지 유튜브 아모레 판매 유튜브 에센스 썬크림 기초 화장품 발림,True
45,유튜브에서 보고 좋아보여서 구매했어요. 발림성 좋고 촉촉해서 건조할 때 쓰기도 좋고 화장전에 쓰기도 좋았어요. 향도 무난하니 괜찮았아요. 사용하고 눈시림도 못느꼈고 트러블 올라오는거도 없었습니다. 다시 구매할 거 같아요,유튜브 발림 촉촉하다 건조 화장 괜찮다 시리다 트러블,True
44,"유통기한이 28년2월까지 넉넉해서 좋아요.
같이 온 샘플 먼저 사용해서 맞는지 테스트해봤는데 괜찮은듯요.",유통 기한 샘플 테스트 괜찮다,True
2,선물용으로 구매했는데 너무 좋아하네요,선물,True
43,감사합니다 잘 쓰고있어요,감사,True
43,감사합니다 잘 쓸게요,감사,True
27,"라네즈 바운시 세럼 
피부 주름 개선 도움을 준다
나이가 드니깐 주름이 하나둘
모공이 넘 커지니깐 보기 힘드러요
깨끗하게 씻고 팩하고 마사지하고 잘 관리를 해야할것 같아요
피부가 조금씩 촉촉하니 좋은것 같아 잘 바르고 있어요",세럼 피부 주름 개선 도움 나이 주름 모공 힘드러요 마사지 관리 피부,True
2,"촉촉하고 산뜻해요 
첫구매했어요 
조아요 ~~",조아,True
2,배송 빠르고 꼼꼼하게 잘왔어요 잘쓸게요,배송 빠르다,True
52,"배송 빠르게 잘 받았습니다.
향이 좋고 사용감이 좋아요.",배송 빠르다,True
39,"라보H라인중 두피강화는 남편이 쓰고 있다!
샴푸는 시원하다고 피드백 받고 있고
나는 모발강화라인으로 구매~
기대해봄^^",라보 라인 두피 강화 남편 샴푸 피드백 모발 강화 라인 기대,True
1,두피가 자주 가렵고 머리가 많이 빠지는 것 같아서 도움되는 샴푸 찾아보다 아모레몰에 라보에이치 두피강화 샴푸 있길래 구매해서 꾸준히 사용중입니다. 눈에 보이는 효과는 모르겠지만 머리 감을때 이전 사용하던 샴푸보다 개운해서 좋습니다.,두피 머리 도움 샴푸 아모레 라보 에이치 두피 강화 샴푸 효과 머리 이전 샴푸,True
2,"선물로 받은뒤 제품이 맘에 들어서
제구매 했습니다",선물,True
24,리필팩이라 조아요 환경에 도움됨~^^* 리필팩이라 조아요 환경에 도움됨~^^* 리필팩이라 조아요 환경에 도움됨~^^* 리필팩이라 조아요 환경에 도움됨~^^* 리필팩이라 조아요 환경에 도움됨~^^* 리필팩이라 조아요 환경에 도움됨~^^*,리필 조아요 환경 도움 리필 조아요 환경 도움 리필 조아요 환경 도움 리필 조아요 환경 도움 리필 조아요 환경 도움 리필 조아요 환경 도움,True
37,"아모레퍼시픽 몰에서 각종 혜택 받고 잘 사용중인 뷰티템입니다 매일 들어가보는 재미가 있는 아모레몰 어플 ㅋㅋ 조아요

아모레퍼시픽 몰에서 각종 혜택 받고 잘 사용중인 뷰티템입니다 매일 들어가보는 재미가 있는 아모레몰 어플 ㅋㅋ 조아요",아모레퍼시픽 각종 혜택 뷰티템 재미 아모레 어플 조아요 아모레퍼시픽 각종 혜택 뷰티템 재미 아모레 어플 조아,True
30,"매일 사용하는 제품이 리필도 출시되어 너무 좋네요
매일 사용하는 제품이 리필도 출시되어 너무 좋네요매일 사용하는 제품이 리필도 출시되어 너무 좋네요매일 사용하는 제품이 리필도 출시되어 너무 좋네요매일 사용하는 제품이 리필도 출시되어 너무 좋네요",리필 출시 리필 출시 리필 출시 리필 출시 리필 출시,True
23,"여름이라 쿨링샴푸라 시원하니 더 좋습니다
샴푸할때 사용후에도 상쾌하니 좋아요",여름 샴푸 샴푸,True
2,선물용으로 구매했어요 좋아하시네요~ㅎㅎㅎ,선물,True
2,선물받았는데 사용감 좋습니다만족합니다,선물 만족,True
-1,사용하기조아요,조아,True
-1,맘에들어요재구매해요감사합니다굿굿입니다,감사,True
1,"라보에이치 두피강화클리닉 쿨링&노세범 샴푸 쿨링이라
샴푸후 상쾌함이 좋아요 일주일에 한두번은 라보에이치 두피강화클리닉 쿨링&노세범 샴푸로 나머지는 라보에이치 탈모샴푸로 깨끗하게 샴푸하면 탈모에 도움이 되리라 생각하고 깨끗하게 샴푸합니다",라보 에이치 두피 강화 클리닉 노세 샴푸 샴푸 라보 에이치 두피 강화 클리닉 노세 샴푸 나머지 라보 에이치 탈모 샴푸 샴푸 탈모 도움 샴푸,True
46,"아주 마음에 들어요! 좋은 제품 잘 쓰겠습니다. 감사합니다.
 . .",감사,True
0,"려 우아체 멋내기 새치크림
염색약 색깔 오렌지브라운 
예쁜색으로 염색이되니 좋네요
소포장 3회분으로 들어있어서
신선하게 사용가능하게 만들어져서
좋은제품이예요
염색할때 눈따갑거나 두피 자극없이
염색이 잘되니 정말 굿입니다",우아체 새치 크림 염색약 색깔 오렌지 브라운 예쁘다 염색 포장 가능 염색 두피 자극 염색,True
23,"여름에 쓰기 좋은 샴푸예요
용량도 크고 만족합니다",여름 샴푸 용량 만족,True
38,"필요한화장품있을때마다
 항상 아리따움몰에서 
구매하는데 
이번에는 소품종류도 세일해서 
같이사봤어요~~ 
배송도 빨리왔고 
물건들도 다 좋아요 
마음에들어요 감사합니당~~
포장도 비닐사용없이
종이들로 완충포장 되어와서
분리배출하기 편해요
감사합니당~~",필요 화장품 소품 종류 세일 배송 물건 감사 포장 비닐 종이 완충 포장 분리 배출 편하다 감사,True
5,"리필용은 가격이 적당해서 아모레몰에서 구입합니다
처음에 세트 구성 가격이 정말 정말 좋았지만
요즘엔 살짝 비싸거든요 
리필 가격은 좋은 편 인 것 같습니다
두피에는
자극적이지 않습니다
머릿결은 엄청 좋아지진 않지만 계속 쓰고 싶은 제품입니다",리필 가격 아모레 구입 처음 세트 구성 가격 요즘 비싸다 리필 가격 두피 자극 머릿결,True
30,재구매에요. 리필용이 있어서 좋아요. 그럭저럭 쓸 만해요. 리필용이 있어서 환경 보호 하는 것 같네요. 제품은 그럭저럭 쓸만해요. 리필용이 있어서 좋아요. 그럭저럭 쓸만해요. 리필용이 있어서 좋아요. 그럭저럭 쓸만해요. 좋아요.,리필 리필 환경 보호 리필 리필,True
24,환경을 생각하면 리필이 최고인거같아요^^,환경 리필 최고,True
2,선물용으로 구매했어요 좋아하시네요~ㅎㅎ,선물,True
0,"려 두피편한검은콩염색 벌써 검은콩염색약을 쓴지도 1년이 다되가는듯하네요
일단 염색도 잘되고 컬러감도 자연스럽고 지속력도 좋고 가격도 적당해서 꾸준히 사용하고 있어요 피부에도 자극적이지 않았으면 하고 바라봅니다 또 구매합니다",두피 편하다 염색 염색약 염색 컬러 자연 지속 가격 피부 자극,True
2,배송 빠르고 꼼꼼하게 잘왔어요 잘쓸게요,배송 빠르다,True
-1,상품 항상 사용합니다. 선물로도 좋네요,선물,True
2,배송 정말 빠르고 좋아요~,배송 빠르다,True
7,"롱테이크 샌달우드 오드퍼퓸.
향이 금방 날아가요.
그래서 금방 사용해버립니다.",테이크 우드 오드퍼퓸,True
-1,조아요 ~~~~~~~~~~~~~~~~~~~~~~~,조아,True
-1,조아요 ~~~~~~~~~~~~~~~~~~,조아,True
2,배송도 빠르고 상품도 좋아요 향이 너무 좋아 재구매 하고 싶어요,배송 빠르다,True
10,향수의 향기가 너무 좋아서 앞으로 이 향수만 쓸거같아요. 지속력도 오래갑니다.,향수 향기 향수 지속,True
-1,너무 좋아요.선물용으로 샀는데 향이 좋아서 저도 하나 사ㅆ어여,선물,True
41,조아요 ~~~~~~~~~~~~~~~~~~~~~~~~~~~~~~~~~~~~~~~~~~~~~~~~~~~~~~~~~~~~~~~~~~~~~~~~~~~~~~~~~~~~~~~~~~~~~~~~~~~~~~~~~~~~~~~~~~~~~~~~,조아,True
19,제가 사용 후. 향이 너무 좋아서 선물하려고 다시 구매했어요 우디향이 너무 좋아요 잘샀어요 감사합니다 또 주변에도 추천할게요 몇개 추가로 더 주문해야 겠어요 좋은 제품입니다 ㅎㅎ 감사합니다 좋은하루 보내세요 ㅎㅎ,선물 감사 주변 추천 추가 감사 하루,True
41,조아요 ~~~~~~~~~~~~~~~~~~~~~~~~~~~~~~~~~~~~~~~~~~~~~~~~~~~~~~~~~~~~~~~~~~~~~~~~~~~~~~~~~~~~~~~~~~~~~~~~~~~~~~~~~~~~~~~~~~~~~~~~~~~~~~~~~~~~~~~~~~~~~~~~~~~~~,조아,True
41,조아요 ~~~~~~~~~~~~~~~~~~~~~~~~~~~~~~~~~~~~~~~~~~~~~~~~~~~~~~~~~~~~~~~~~~~~~~~~~~~~~~~~~~~~~~~~~~~~~~~~~~~~~~~~~~~~~~~~~~~~~~,조아,True
-1,딸이 좋다고하네요. 좋은제품 감사해요,감사,True
-1,조아요 ~~~~~~~~~~~~~~~~~~~~~~~,조아,True
-1,조아요 ~~~~~~~~~~~~~~~~,조아,True
-1,조아요 ~~~~~~~~~~~~~~~~~~~~~,조아,True
41,조아요 ~~~~~~~~~~~~~~~~~~~~~~~~~~~~~~~~~~~~~~~~~~~~~~~~~~~~~~~~~~~~~~~~~~~~~~~~~~~~~~~~~~~~~~~~~~~~~~~~~~~~~~~~~~~~~~~~~~~~~~~~~~~~~~~~~~~~~~~~~~~~~~~~~~~~,조아,True
41,조아요 ~~~~~~~~~~~~~~~~~~~~~~~~~~~~~~~~~~~~~~~~~~~~~~~~~~~~~~~~~~~~~~~~~~~~~~~~~~~~~~~~~~~~~~~~~~~~~~~~~~~~~~~~~~~~~~~~~~~~~~~,조아,True
-1,선물주려고샀어요.늘사용하는제품이라좋은건당연하고요,선물,True
43,향이 너무좋아요 잘받았습니다 감사합니다,감사,True
-1,조아요 ~~~~~~~~~~~~~~~~~~,조아,True
-1,조아요 ~~~~~~~~~~~~~~~~~~~~~~,조아,True
-1,조아요 ~~~~~~~~~~~~~~~~~,조아,True
38,"🖤 롱테이트 솔리드 퍼퓸 디스커버리 3종 키트 🖤 

 🌟 원래도 롱테이크 제품 좋아해서 본품도 있지만 휴대용으로 들고다니려고 일부로 체험 키트로 주문했어요 ! 휴대용으로 들고다니기 너무 좋은 사이즈여서 오히려 본품보다 좋더라고요 ㅎㅎ 향은 뭐 말할것도 없이 마음에 들고 3가지 향 모두 우디향을 좋아하는 저한테는 잘 맞았습니다 👍 향은 워낙 개인차가 크고 호불호가 갈리다보니 꼭 시향 후 구매하시길 추천드립니다 !! 저는 개인적으로 우디, 바질 , 베티버, 무화과 향을 극호하는 편이라 정말 좋아하는 제품입니다 🫶 휴대용으로 들고다니면 금방 다 사용할 것 같아서 다 사용하면 재구매하러 오겠습니다 !!",테이트 솔리드 퍼퓸 디스커버리 키트 테이크 휴대 체험 키트 휴대 사이즈 우디 개인차 호불호 시향 추천 개인 우디 바질 베티버 무화과 휴대,True
40,세가지 향이 모두 개성이 달라서 기분이나 상황에 따라 바꿔쓸 수 있어서 좋은 것 같아요. 가격이 저렴하게 미니미버전으로 출시해주셔서 모두 경험해보니 좋네요 지난번에 품절이었는데 풀렸길래 바로 구매했습니다 ㅎ 크기고 작아서 들고다니기 너무 좋은 것 같고요 일단 발랐을때 다른 고체향수에 비해서 지속력이 오래가고 향기가 굉장히 매력있어요,개성 다르다 기분 상황 가격 미니 버전 출시 경험 지난번 품절 크기 고체 향수 지속 향기 매력,True
34,"코스메틱 파우치에 하나씩 넣어 다니고 있어요
오전에 집에서 뿌린 향이 희미해질무렵 손목 뒷목 문질러 발라주면 레이어드라고 해야하나? 암튼 매력적인 향이 납니다
유니섹스한 향들이지만 충분히 여성여성해요
휴대성이 최고의 장점입니다",코스메틱 파우치 오전 손목 뒷목 레이어드 매력 유니섹스 여성 여성 휴대 최고 장점,True
40,"휴대하기 너무 좋은 향수입니다
고체라서 샐 걱정도 없고 너뮤 좋아요
세가지 향이 각각 매력넘치네요
너무 좋아요 완전
세가지 나눠서 쓰는 중인데 좋아요
용량이 작긴 하지만 휴대성이 좋아서 만점 드립니다
오십퍼 할인가로 구매했어요",휴대 향수 고체 걱정 너뮤 매력 용량 휴대 만점 할인,True
2,향이 좋아요 롱테이크 향 오래 가용 굿,테이크,True
-1,좋아요 배송도 빠르네요 굿 좋습니다 .,배송 빠르다,True
42,샌달우드 써보고 넘 조아서 다른 향도 써보고 싶은 마음에 주문했는데 요것도 대만족 향도 넘 좋고 촉촉하고 샤워하고 난후 좋은 향기가 가득~~ 머리까지 맑아지는듯한 기분에 날아갈듯 ㅋㅋ싸구려 향이 아니라 자연의 깊고 그윽한 향에 경쾌한 느낌까지 롱테이크 어쩜 이리 조은지 하나 버릴게 없는 제품입니다 대만족 ^^꼭 써보세요 다른건 못써요,우드 조아 다르다 만족 촉촉하다 샤워 향기 머리 기분 싸구려 자연 테이크 조은 만족,True
19,"선물로 드렸어요 받으시는 분께서 
향이 좋다고 좋아하시더라구요
좋은 제품 만들어주셔서 감사합니다 
선물할때 재구매하려고요 
선물로 드렸어요 받으시는 분께서 
향이 좋다고 좋아하시더라구요
좋은 제품 만들어주셔서 감사합니다 
선물할때 재구매하려고요",선물 감사 선물 선물 감사 선물,True
7,샌달우드 향이 좋아서 구매했어요....추천합니다..롱테이크 제품 다 괜찮습니다..,우드 추천 테이크 괜찮다,True
2,선물용 구매했어요 향이 너무좋아요~~,선물,True
-1,"향이 좋은 제품
선물용으로 구매
좋아하시네요",선물,True
43,향이 너무좋아요 잘받았습니다 감사합니다,감사,True
11,샤워때 잘 사용중 촉촉하고 은은한 향,샤워,True
34,"40대 여성이예요. 우드향을 참 좋아하는데, 제가 좋아하는 우드향보다 조금 더 깊고 묵직한 느낌이예요. 지인들은 남자향수같다고 하는데 저는 강하지만 은은해서 참 좋더라구요 고체향수라 향이 지속성이 좋아 마음에 들어요",여성 우드 우드 지인 남자 향수 고체 향수 지속,True
2,조아요 잘 스며드는 편이에요 ㅎㅎ강추,조아,True
41,조아요 ~~~~~~~~~~~~~~~~~~~~~~~~~~~~~~~~~~~~~~~~~~~~~~~~~~~~~~~~~~~~~~~~~~~~~~~~~~~~~~~~~~~~~~~~~~~~~~~~~~~~~~~~~~~~~~~~~~~~~~~~~~~~~~~~~~~~~~~~~~~~~~~~~~~~~~,조아,True
41,조아요 ~~~~~~~~~~~~~~~~~~~~~~~~~~~~~~~~~~~~~~~~~~~~~~~~~~~~~~~~~~~~~~~~~~~~~~~~~~~~~~~~~~~~~~~~~~~~~~~~~~~~~~~~~~~~~~~~~~~~~~~,조아,True
2,배송도 빠르고 좋아여~~~~~~~~~~~,배송 빠르다,True
-1,배송 빠르게 잘 받았습니다,배송 빠르다,True
42,향은 진짜 좋아요 좋아서 향수도 삿음.. 추천합니다 꽤 오래 쓰네요 굿 짱 최고 향 오래는 안 감 그래도 기분이 조아요 그래도 이름이 롱테이큰데 향 좀 오래 갓으면 조켓어요 향수도 향이 오래 안 가더라구요 그래도 좋아요,향수 추천 최고 기분 조아 이름 테이크 조켓어요 향수,True
51,롱테이크 헤어오일 끈적임도 적고 무엇보다 향이 너무 좋아요,테이크 헤어 오일,True
-1,롱테이크 헤어오일 향이 좋도 오래 가요,테이크 헤어 오일,True
46,"모든점에서 마음에듭니다
좋은 제품 감사합니다",감사,True
51,"롱테이크 제품 향이 좋아요
제품이 좋습니다",테이크,True
48,"처음에는 이게 뭐 화장할때 큰 차이가 있겠어 …? 
하고 너무 후기가좋아서 속는셈치고 주문하고 오자마자 써봤는데 이젠 이거없으면 안되는 유목민이 되어버렸습니다..선크림 조차도 바르면 뭉친게 심해서 나름 거울보고 열심히 펴 바른다 해도 해결이 안되었어요 그런데 이제는 이걸 접한이후로 뭉침덜하고 촉촉하게 시작하고 깔끔하게 화장을 끝낼수있어서 이제는 쟁여놓고 삽니다..",처음 화장 차이 후기 이제 유목민 크림 심하다 거울 해결 이제 이후 시작 화장 이제,True
32,"수부지 민감성 피부인데 자극없이 트러블 없이 사용할 수 있어서 좋아요. 메이크업은 잘 지워집니다. 롤링하기 좋게 사용감도 엄청 부드럽고 마음에 들어요. 블랙헤드에도 효과가 있으면 좋겠네요. 
아쉬운 점은 속뚜껑이 분명 있는데 제품을 개봉하면 속뚜껑 없이 사용하게끔 만들어졌네요. 뒤로 여는 뚜껑만 열어서는 속뚜껑이 열리지 않아서 뚜껑을 돌려서 열어야지만 속뚜껑을 들어낼 수 있었어요. 
사진처럼 본통 뚜껑에 스파츌라를 끼워두었네요. 
이런 클렌징밤 제품도 튜브형으로 나오면 더 좋겠다 싶어요. 뚜껑 열고 스파츌라 빼서 쓰고 다시 끼워두고 하는것도 번거롭다보니.. 
가격이 단점이긴 한데 메이크업 잘 지워지는거 보면 아깝진 않은것 같아서 추가구매 했습니다. 

지금 같이 주는 세안밴드 아주 맘에 듭니다. 너무 짱짱하지도 헐겁지도 않아서 딱 좋아요",수부 피부 자극 트러블 메이크업 롤링 블랙 헤드 효과 뚜껑 개봉 뚜껑 뚜껑 뚜껑 뚜껑 뚜껑 사진 뚜껑 스파츌라 클렌징 튜브 뚜껑 스파츌라 가격 단점 메이크업 추가 세안 밴드,True
48,"새로 나와서 써보고 싶었고 응모해놓고 까먹고 있었는데 당첨이 되네요. 아마도 그것은 제가 아몰에서 많이 사서..ㅋㅋ

결론을 말하자면, 세정력이 좋습니다. 그리고 발림성도 좋고요. 민트 라는 단어가 들어있는데 화하거나 그런 건 전혀 없습니다.
저는 건성인데, 이걸 문지르는 순간과 유화과정 중엔 촉촉했고 씻어내고 나면 건조했습니다. 참고하세요.
블랙헤드는 조금 정돈된 느낌입니다. 드라마틱하게 사라지진 않고요.

다른 분들 후기 보니 출시 기념으로 주는 세안밴드가 좋다고 하네요.
후기 끝!",응모 당첨 결론 세정 발림 민트 단어 건성 순간 유화 과정 건조 참고 블랙 헤드 정돈 드라마틱 후기 출시 기념 세안 밴드 후기,True
2,선물용으로구매 받는사람이 너무 좋아했습니다,선물,True
37,마몽드 모이스처 세라마이드 스킨 소프너 모이스처 세라마이드 스킨 소프너 스킨 소프너 세라마이드 모이스처 수분 촉촉 마몽드 수분감 보 습 스킨 소프너 모이스처 세라마이드 마몽드 모이스처 세라마이드 마몽드 스킨 소프너 좋아요 굿굿,모이스처 세라마이드 스킨 소프너 모이스처 세라마이드 스킨 소프너 스킨 소프너 세라마이드 모이스처 수분 수부 스킨 소프너 모이스처 세라마이드 모이스처 세라마이드 스킨 소프너,True
39,"5통 넘게 구매해서 사용중인데 마몽드 제품중에 제일 좋아요~^^
케이스도 핑크핑크하게 바뀌어서 이쁘구요^^향도 좋고 흡수도 잘되서 좋아요^^
겨울이나 환절기에 사용하기 너무 좋구요^^앞으로 계속 재구매 의사 있어요~^^",케이스 핑크 핑크 이쁘다 흡수 겨울 환절기 의사,True
2,겨울이라 그런지 너무 건조해서 구매했는데 촉촉하니 좋아요,겨울 건조,True
6,"여름에 수분크림처럼 발라요 물광처럼 싸악 올라옵니당
스킨이나 앰플 가볍게 흡수시키고 로션을 발라요 화장전에 발라도 밀리지 않아요 건성에게는 선크림바르기 전에도 부담스럽지 않은 묽기에요 이 라인으로 정착하려고요!! 좋습니닷",여름 수분 크림 스킨 앰플 흡수 로션 화장 건성 크림 부담 라인 정착,True
2,아이들 주려고 구매하는 꾸준히 쓰고있어요 좋아요,아이,True
46,잘쓰고있습니다. 감사합니다.,감사,True
46,잘받았습니다. 감사합니다.,감사,True
2,배송도 빠르고 제품도 너무좋네요 ㅋㅋ,배송 빠르다,True
2,배송 빨라서 좋아요,배송 빠르다,True
2,가볍고 오래쓰기 조아요~!,조아,True
28,"프로바이오틱스 세라마이드 앰플마스크팩
촉촉하고 좋아요 무난하니 굿
프로바이오틱스 세라마이드 앰플마스크팩
촉촉하고 좋아요 무난하니 굿
프로바이오틱스 세라마이드 앰플마스크팩
촉촉하고 좋아요 무난하니 굿
프로바이오틱스 세라마이드 앰플마스크팩
촉촉하고 좋아요 무난하니 굿",프로바이오틱스 세라마이드 앰플 마스크 프로바이오틱스 세라마이드 앰플 마스크 프로바이오틱스 세라마이드 앰플 마스크 프로바이오틱스 세라마이드 앰플 마스크,True
-1,"은은하고 상쾌하고
향이 너무 좋아요
감사합니다",감사,True
43,잘받았습니다 잘쓰겠습니다 감사합니다 고맙습니다 감사해요,감사 감사,True
46,아주 조아요 잘 샀어요 감사합니다 ㅎㅎ 아주 조아요 조아요 잘 샀어요 감사합니다 ㅎㅎ 아주 조아요 조아요 잘 샀어요 감사합니다 ㅎㅎ 아주 조아요 조아요 잘 샀어요 감사합니다 ㅎㅎ 아주 조아요 조아요 잘 샀어요 감사합니다,조아요 감사 조아 조아요 감사 조아 조아요 감사 조아 조아요 감사 조아 조아요 감사,True
46,잘쓰고있습니다. 감사합니다. 잘쓰고있습니다. 감사합니다.,감사 감사,True
43,잘받았습니다 잘쓰겠습니다 감사합니다,감사,True
-1,잘받았습니다 좋아요 감사합니다 더 사용해봐겠어요,감사,True
2,"선물주려구 안쓰고 아끼고있는데
싸게 잘샀다",선물,True
52,배송도 빠르고 사용해보니 촉촉해요.,배송 빠르다 촉촉하다,True
43,잘받았습니다 감사합니다,감사,True
14,선물로 드렸는데 매우 만족해하셨어요.,선물 만족,True
-1,선물했는데 정말 좋아합니다!,선물,True
9,마스크팩이 얇고 좋아요. 얼굴에 착용감이 있고 촉촉합니다.,마스크 얼굴 착용감 촉촉하다,True
14,가벼운 선물용으로 구매했어요.좋아요.,선물,True
43,잘받았습니다 잘쓰겠습니다 감사합니다 고맙습니다 감사해요,감사 감사,True
43,잘받았습니다 잘쓰겠습니다 감사합니다 고맙습니다,감사,True
9,마스크 괜찮은것 같아요. 두껍고 부드럽너오.,마스크 괜찮다,True
2,배송 빨랐어용ㅎㅎㅎㅎ촉촉하니 너무좋아요,배송 빠르다 촉촉하다,True
43,잘받았습니다 잘쓰겠습니다 감사합니다 고맙습니다 감사해요,감사 감사,True
46,아주 조아요 잘 샀어요 감사합니다 ㅎㅎ 아주 조아요 조아요 잘 샀어요 감사합니다 ㅎㅎ 아주 조아요 조아요 잘 샀어요 감사합니다 ㅎㅎ 아주 조아요 조아요 잘 샀어요 감사합니다 ㅎㅎ 아주 조아요 조아요 잘 샀어요 감사합니다,조아요 감사 조아 조아요 감사 조아 조아요 감사 조아 조아요 감사 조아 조아요 감사,True
43,잘받았습니다 잘쓰겠습니다 감사합니다 고맙습니다,감사,True
4,"겨울 철 건조할때 사용하기
더 좋아요",겨울 건조,True
46,좋아요 감사합니다.,감사,True
46,아주 조아요 잘 쓰고 이#어요 감사합니다 남편 사줬는데 잘 쓰고 이#어요 감사해요 자거지만 잘 쓰고 있어요 감사합니다 여러# 쓸모가 많네요 감사합니다 좋은 제품 팔아주셔서 감사해요 ㅎㅎ 아주 좋아요 감사합니다 잘 쓰겠습니 다,조아요 감사 남편 감사 거지 감사 쓸모 감사 감사 감사,True
46,"좋아요
부드럽고 감사합니다
잘쓸게요.",감사,True
46,잘 사용하겠스빈다. 감사합니다.,감사,True
2,배송이 빠르게 왔습니다~~,배송 빠르다,True
52,산뜻하고 가벼워서 좋아요. 배송 빠릅니다.,배송 빠르다,True
46,좋은 제품 감사합니다. 잘 쓰겠습니다,감사,True
10,곱슬머리라서 구매해보았습니다. 차분해지는 효과는 있습니다. 냄새는 개인적으로 향기롭기 보다 실리콘냄새 같이 느껴졌습니다. 기대보다는 만족스럽지 않았습니다. 그리고 두피에 안 닿게 조금만 사용했는 데에도 피부에 자극적이라고 느껴졌습니다.,곱슬머리 효과 냄새 개인 향기 실리콘 냄새 기대 만족 두피 조금 피부 자극,True
43,잘받았습니다 감사합니다,감사,True
2,만독합니다 배송빨라용 가음에 떠 주문할께용,배송 빠르다,True
2,"아직 안꺼봐서 모르겠어요
배송은 빠르네요",배송 빠르다,True
2,선물용으류 구매했는데 맘에들어하네ㅇㅛ 굿,선물,True
46,좋았습니다아.감사합니다. 저에게 딱 맞았어요,감사,True
46,흠. 잘 받았습니다 감사합니다,감사,True
20,제품 마음에.드네요 우선 보긎력이 너무좋고 지속려 또한 좋아서 아주 마음에 들어요 바르고 자면 아침에 너무 촉촉하게 남아있어요 강추합니다 제품 마음에.드네요 우선 보긎력이 너무좋고 지속려 또한 좋아서 아주 마음에 들어요 바르고 자면 아침에 너무 촉촉하게 남아있어요 강추합니다,보긎 지속려 아침 보긎 지속려 아침,True
2,너무너무너무 좋아요 얇게펴바르면 티도안나고 옷에안묻어서좋네요 배송도빠릅니다,배송 빠르다,True
43,잘쓰겠습니다 감사합니다잘쓰겠습니다 감사합니다,감사 감사,True
2,배송 빨라서 좋아요,배송 빠르다,True
-1,잘써볼게요 감사합니다,감사,True
-1,좋은제품감사합니다.,감사,True
2,배송 빠르고 꼼꼼하게 잘왔어요 잘쓸게요,배송 빠르다,True
2,잘쓰고있어요 선물했는데 맘에 들어하는 거 같아요,선물,True
2,배송 빠르고 꼼꼼하게 잘왔어요 잘쓸게요,배송 빠르다,True
2,"선물했는데 맘에 들어하네요
좋아요~~!",선물,True
2,"선물용으로 구매했어요
직접 사용은 안해봤습니다",선물,True
2,배송 빠르고 좋아요,배송 빠르다,True
52,배송 빠르고 좋아요. 좀 떠써봐야 알것같아요.,배송 빠르다,True
2,배송도 빠르고 상품도 좋아요 항상 믿고 구매 해요,배송 빠르다,True
52,배송도 빠르고 좋습니다.,배송 빠르다,True
43,꾸준히 잘 사용하고 있습니다 감사합니다,감사,True
-1,"항상 잘 사용하고 있습니다
감사합니다..",감사,True
41,조아요 ~~~~~~~~~~~~~~~~~~~~~~~~~~~~~~~~~~~~~~~~~~~~~~~~~~~~~~~~~~~~~~~~~~~~~~~~~~~~~~~~~~~~~~~~~~~~~~~~~~~~~~~~~~~~~~~~~~~~~~~,조아,True
18,엄마 선물로만 사드리다가 이제 나이도 있어서 한번 구매해서 사용해봤는데 역시 좋네요 향도 은은하고 좋아요 앞으로도 계속 꾸준히 사용할같아요 하나씩 화장품을 설화수로 바까가야할거같아요 너무 좋습니다. 피부도 좋아지길 바래 보아요,엄마 선물 나이 화장품 설화 바까 피부,True
-1,항상 쓰던거를 선물했더니 좋아하네요.,선물,True
-1,"항상 잘 사용하고 있습니다
감사합니다..",감사,True
18,"윤조에센스 사은품이 진짜 많아서 엄마가 너무나 좋아하세요
선물로 드리기 진짜 너무나 좋아요
제품 좋은거야 말 할 것도 없구요. 
이제는 엄마 뿐 아니라 저도 사용하고 있습니다. 자와 저희 엄마의 최애 화장품!
앞으로도 계속 이용할게요",윤조 에센스 사은품 엄마 선물 이제 엄마 엄마 화장품 이용,True
2,너무 좋아서 항상 구매하고있어요 배송도 빠르고 좋아요,배송 빠르다,True
2,선물용으로 샀는데 받는분이 좋아하셨어요!,선물,True
6,"설화수는 모든 타입 피부가 사용할 수 있어서 좋아요
순하고 촉촉해서 바르고 나면 피부결이 좋아져요
가격은 비싸지만 아모레몰에서 구매하면 할인도 많이 하고 샘플도 많이 줘서 요즘에는 여기에서 구매하고 있습니다 !! 세일 더 많이 하면 좋겠어요",설화 타입 피부 순하다 촉촉하다 피부 가격 비싸다 아모레 할인 샘플 요즘 세일,True
18,엄마 선물로 보내드렸어요. 엄마 피부가 많이 건조하신데 바르고 나면 촉촉해서 좋다고 하세요. 엄마가 만족해 하셔서 저도 기분이 좋습니다. 앞으로도 엄마 화장품 선물은 설화수에서 해 드릴까 싶어요.,엄마 선물 엄마 피부 건조 엄마 만족 기분 엄마 화장품 선물 설화,True
3,"이 클렌징 오일은 세정력이 뛰어나서 메이크업이 한 번에 깨끗하게 지워져 정말 만족스러웠어요. 워터프루프 제품도 손쉽게 제거되면서도 피부에 자극 없이 부드럽게 사용할 수 있어서 매일 쓰기 좋더라고요. 특히 세안 후에도 피부가 건조해지지 않고 촉촉함이 유지돼서, 순한 느낌이 들었어요.",클렌징 오일 세정 뛰어나다 메이크업 만족 워터프루프 제거 피부 자극 세안 피부 건조 유지 순하다,True
8,"설화수 썬크림 샘플 먼저 써봤어요..일단 제 피부에 트러블없이 순하다 느껴졌고, 많이 끈적이지도 않으면서 발림성도 좋아요,향도 무난하고 괜찮네요. 바르고 나서 많이 번들거리는 느낌없어서 그점이 가장 만족스러워요. 자외선 차단은 당연히 잘 될것이라 믿고요. 만족스러워요",설화 썬크림 샘플 피부 트러블 순하다 발림 괜찮다 만족 자외선 차단 만족,True
8,믿고 사용하는 썬크림~피부에 순하게 발리고 무난하고 편한 느낌의 썬크림입니다. 썬크림 특유의 끈끈함 때문에 썬크림을 잘 사용하지 않는 일인 이었는데 이 제품 사용해보고 지금은 매일 챙겨 바르고 있어요~거의 다 써 가서 미리 구입했구요 샘플도 종류별로 많이 챙겨 주셔서 더 좋습니다. 추천합니다^^,썬크림 피부 순하다 편하다 썬크림 썬크림 특유 썬크림 지금 구입 샘플 종류 추천,True
13,남자가 쓰기에 적당한 촉촉한감과 샨뜻함이 같이 있어서 너무 좋아해서 하나더 사봤습니다. 남편도 좋아하고 아버님께 선물드릴생각하기 두근거라네요 ㅎㅎ 온 가족이 모두 설화수 쓰게되니 괜하 뿌듯햐집니다. 남자 화장품 완전 강 추애요!,남자 샨뜻 남편 아버님 선물 근거 가족 설화 뿌듯햐 남자 화장품,True
13,"아빠 화장품으로 꾸준히 사드리고 있는 제품이에요. 양이 좀 적은게 가장 큰 단점이지만...질은 확실히 다른 남성제품보다 뛰어나요.
남자화장품도 스킨, 로션 합쳐서 하나로 바르는 라인이 있으연 좋겠어요. 두개 바르기 귀찮다고 하는 남자들이 많아서요ㅎㅎ",아빠 화장품 단점 남성 뛰어나다 남자 화장품 스킨 로션 라인 귀찮다 남자,True
13,"남편이 항상 쓰는 화장품입니다.
떨어지기도 전에 사달라고 해서 항상 구입해놓곤해요.
남편피부가 좀 건조한편인데...
설화수본윤 남성화장품쓴이후로 피부가 촉촉해졋다고 좋아해요.
남들도 보고 젊어졋다고하니 넘 좋아해요.",남편 화장품 구입 남편 피부 건조 설화 남성 화장품 이후 피부,True
-1,항상 선물하는 제품입니다 너무나 좋아하네요,선물,True
5,항상 설화수 제품을 사용하는데 가격이 좀 부담되지요. 이번 아세폐에서 할인 받아 구입하니 좋네요. 한번만 쿠폰을 사용할 수 있어서 크림은 구입을 미뤘어요. 키르기스스탄에 있어서 사용전이지만 리뉴얼되엏다고 하니까 기대돼요.,설화 가격 부담 아세폐 할인 구입 쿠폰 크림 구입 키르기스스탄 리뉴얼 기대,True
-1,"감사합니다 좋아요 좋아요 👍🏻 

Супер пенка 

Запах восхитительный ,но немного сушит кожу 

У меня сухой тип кожи ,поэтому я после умывание с этой пенкой сразу в течение 6ти секунд наношу средство тоник эмульсию 

Но мне нравится эта пенка из всех какие я использовала",감사,True
2,제품 좋아요 잘 사용했습니다 배송도 빨라요,배송 빠르다,True
2,"좋아요 선물용으로 구매했어요,,,,,,,,,,,,,,,,,,,,,,,,,,,,,,,,,,,,,,,,,,,,,,,,,,,,,,,,, ,,,,,,,,,,,,,,,,,,,,,,,,,,,,,,,,,,,,,,,,,,,,,,,,,",선물,True
16,"아이오페 바이오 컨디셔닝 에센스 
바이오 컨디셔닝 에센스 소용량 좋아요
다른 워터에센스에 비해 촉촉해서 겨울에도 사용하기 좋아요 퍼스트에센스로 사용하고 있어요
아이오페 바이오 컨디셔닝 에센스 
바이오 컨디셔닝 에센스 추천합니다",바이오 컨디셔닝 에센스 바이오 컨디셔닝 에센스 용량 워터 에센스 겨울 퍼스트 에센스 바이오 컨디셔닝 에센스 바이오 컨디셔닝 에센스 추천,True
16,"아이오페 바이오 컨디셔닝 에센스 84ml
바이오 컨디셔닝 에센스 좋아요
가을 겨울에 사용하기 좋아요
가볍지만 바르고 나면 촉촉해져요
무향이라 만족합니다
아이오페 바이오 컨디셔닝 에센스 
바이오 컨디셔닝 에센스 추천합니다",바이오 컨디셔닝 에센스 ml 바이오 컨디셔닝 에센스 가을 겨울 만족 바이오 컨디셔닝 에센스 바이오 컨디셔닝 에센스 추천,True
-1,"잘 사용하고 있습니다 
재구매 할게요 
감사합니다",감사,True
30,항상 쓰는 제품입니다. 잘 쓰고 있습니다. 감사합니다.,감사,True
2,"배송도 빠르고 상품도 좋아요 
선물했는데 만족해요",배송 빠르다 선물 만족,True
2,"배송도 빠르고 상품도 좋아요 
선물했는데 받으신분도 만족하네요",배송 빠르다 선물 만족,True
47,"아이오페 슈퍼바이탈 기초 2종 세트 구매했어요
촉촉하고 사용감이 좋아요
사용감 좋아서 꾸준히 사용하려구요
아이오페 제품들 만족스럽네요
아모레퍼시픽몰 공홈이라 좋고 배송도 빠르네요
이벤트도 자주 있어서 좋아요
이제품 추천합니다,",슈퍼 이탈 기초 세트 촉촉하다 만족 아모레퍼시픽 배송 빠르다 이벤트 추천,True
47,"아이오페 슈퍼바이탈 기초 2종 세트 구매했어요
써보니 사용감 좋아서 꾸준히 사용하려구요
아이오페 제품들 만족스럽네요
아모레퍼시픽몰 공홈이라 좋고 배송도 빠르네요
이벤트도 자주 있어서 좋아요
이제품 적극 추천합니다~",슈퍼 이탈 기초 세트 만족 아모레퍼시픽 배송 빠르다 이벤트 적극 추천,True
47,"아이오페 슈퍼바이탈 기초 2종 세트 구매했습니다
써보니 사용감 좋아서 꾸준히 사용하려구요
아이오페 제품들 만족스럽네요
아모레퍼시픽몰 공홈이라 좋고 배송도 빠르네요
이벤트도 자주 있어서 좋아요
이제품 적극 추천합니다~~",슈퍼 이탈 기초 세트 만족 아모레퍼시픽 배송 빠르다 이벤트 적극 추천,True
47,"아이오페 슈퍼바이탈 2종세트 구매했어요
촉촉하고 사용감이 좋아요
사용감 좋아서 꾸준히 사용하려구요
아이오페 제품들 만족스럽네요
아모레퍼시픽몰 공홈이라 좋고 배송도 빠르네요
이벤트도 자주 있어서 좋아요
이제품 추천합니다",슈퍼 이탈 세트 촉촉하다 만족 아모레퍼시픽 배송 빠르다 이벤트 추천,True
20,"아침세안용으로 쓸 가벼운 클렌저가 필요해서 구매했습니다
아침저녁으로 쓰기에는 조금 자극적이어서 다른 폼클렌징이랑 번갈아가며 쓰고 있어요
각질제거제 성분이 들어서 그런가 씻고나면 보들보들합니다 건조하지 않은 점이 제일 마음에 드네요",아침 세안 클렌저 필요 아침 저녁 자극 클렌징 각질 제거제 성분 건조,True
16,"아이오페 바이오 컨디셔닝 에센스 폼 
샘플 사용해 보니 좋아서 본품 구매합니다. 바이오 에센스 폼이라 순한 것 같아요. 적은 양으로 거품도 잘 나고 부드럽고 촉촉하게 세안이 되어 마음에 들어요. 펌프형이라 사용감도 좋아요.",바이오 컨디셔닝 에센스 샘플 바이오 에센스 순하다 거품 세안 펌프,True
10,일단 트러블 없이 잘 맞았고 바르는 느낌이 끈적임 없이 순하고 편안했습니다. 향수를 쓰기때문에 향이 강해서 냄새가 섞이면 어쩔까..했는데 향도 레몬향이 약하게 섞인듯 상큼하고 고급스럽게 은은해서 향수를 쓰는데 겉돌지 않고 좋았습니다. 앞으로도 계속 구매할 생각입니다,트러블 순하다 편안 향수 강하다 냄새 레몬 약하다 고급 향수,True
33,"헤이베스티 컬러가 화사해보일 것 같아서 구매해봤어요!! 갤럭시에디션이라 케이스가 더 블링블링하니 예쁘네용ㅎㅎㅎ 색상 쿨톤에게 잘 어울릴 색상이고, 다른 색상과 섞어서 발라도 예쁠 것 같아요. 다만 촉촉한 립이라 지속력은 그리 길지 않아요~",헤이베스티 컬러 갤럭시 에디션 케이스 블링블링 예쁘다 색상 색상 색상 예쁘다 지속,True
6,"배송도빠르고~~촉촉하고좋아요~!!너무맘에들어요~~!!
열심히바르고있네요~~",배송 빠르다,True
-1,좋아요 잘 받았습니다 또 구매할게요. 감사합니다,감사,True
43,좋아요 잘 받았습니다 또 구매할게요 감사합니다,감사,True
33,이번에 나온 에스쁘아 홀리데이 컬렉션 갤럭시 에디션 너무너무 예쁘네요 갤럭시 에디션 스트로빙 하이라이터 8호 갤럭시 패키지도 예쁘고 하이라이터 발색도 예쁘고 좋은 것 같습니다 블링블링 은은한 광택과 블루 투명 케이스가 예쁘네요,홀리데이 컬렉션 갤럭시 에디션 예쁘다 갤럭시 에디션 스트로 하이 라이터 갤럭시 패키지 예쁘다 하이 라이터 예쁘다 블링블링 광택 블루 투명 케이스 예쁘다,True
33,에스쁘아 홀리데이 컬렉션 갤럭시 에디션 너무너무 예쁘네요 갤럭시 에디션 스트로빙 하이라이터 8호 갤럭시 패키지도 예쁘고 하이라이터 발색도 예쁘고 좋은 것 같습니다 블링블링 은은한 광택과 블루 투명 케이스가 너무너무 예쁩니다,홀리데이 컬렉션 갤럭시 에디션 예쁘다 갤럭시 에디션 스트로 하이 라이터 갤럭시 패키지 예쁘다 하이 라이터 예쁘다 블링블링 광택 블루 투명 케이스 예쁘다,True
2,배송빠르고ㅡ촉촉하고좋아요♡너무마음에들어요~~,배송 빠르다,True
2,저에게 너무 밝아서 딸 아이에게 줬어요,아이,True
43,좋아요 잘쓸께요 감사합니다 색밝아요,감사,True
2,배송도 빠르고 잘 쓰고있어요 굿굿 좋아요,배송 빠르다,True
2,"우리아이들이 사용하기 위해서 구매했죵^.^ 
너무 너무 좋아요",아이,True
-1,아이에게 사용중인데 적당히 촉촉해서 좋아요,아이,True
2,"아이를 위해서 샀어요 
좋아요 ~~~",아이,True
4,"겨울이라 큰걸로!
건조할땐 특히나 이만한게 없어요!",겨울 건조,True
21,스킨로션은 늘 오딧세이 로맨틱 스킨 리파이너를 쓰고 계십니다 한번 써보시고 맘에 들어하셔서 그후론 쭉 오딧세이 로맨틱 라인을 사용중이십니다 사용감도 좋고 향도 좋고 만족하십니다 앞으로도 계속 오딧세이 로맨틱 라인을 쓰실 것 같습니다,스킨 로션 오딧세이 로맨틱 스킨 리파이너 오딧세이 로맨틱 라인 만족 오딧세이 로맨틱 라인,True
31,"오딧세이 로맨틱 스킨 리파이너 130ml
부드럽고 흡수도 잘 되고 향도 은은하고 사용감도 촉촉하고 좋습니다",오딧세이 로맨틱 스킨 리파이너 ml 흡수,True
31,"오딧세이 로맨틱 스킨 리파이너 130ml
부드럽게 흡수도 잘 되고 향도 은은하고 
사용감도 촉촉하고 좋습니다",오딧세이 로맨틱 스킨 리파이너 ml 흡수,True
31,"오딧세이 로맨틱 스킨 리파이너 130ml
부드럽게 흡수되고 잔향도 은은하고 사용감도 
촉촉하고 좋습니다",오딧세이 로맨틱 스킨 리파이너 ml 흡수,True
31,"오딧세이 로맨틱 스킨 리파이너 130ml
부드럽게 흡수도 잘 되고 향도 은은하고 
촉촉하고 좋습니다.",오딧세이 로맨틱 스킨 리파이너 ml 흡수,True
31,"오딧세이 로맨틱 스킨 리파이너130ml
부드럽게 흡수되고 잔향도 은은하고 촉촉하고 
좋습니다.",오딧세이 로맨틱 스킨 리파이너 ml 흡수,True
31,"오딧세이 로맨틱 스킨 리파이너 130ml
부드럽고 흡수도 잘 되고 향도 은은하고 촉촉하고 좋습니다",오딧세이 로맨틱 스킨 리파이너 ml 흡수,True
31,"오딧세이 로맨틱 스킨 리파이너 130ml
부드럽게 흡수도 잘 되고 향도 은은하고 촉촉하고 
좋아요",오딧세이 로맨틱 스킨 리파이너 ml 흡수,True
31,"오딧세이 로맨틱 스킨 리파이너 130ml
부드럽게 흡수되고 향도 은은하고 
촉촉하고 좋습니다.",오딧세이 로맨틱 스킨 리파이너 ml 흡수,True
31,"오딧세이 로맨틱 스킨 리파이너 130ml
부드럽고 흡수되고 향도 은은하고 촉촉하고 좋습니다",오딧세이 로맨틱 스킨 리파이너 ml 흡수,True
31,"오딧세이 로맨틱 스킨 리파이너 130ml
부드럽게 흡수되고 향도 은은하고 촉촉하고 좋습니다",오딧세이 로맨틱 스킨 리파이너 ml 흡수,True
31,"오딧세이 로맨틱 스킨 리파이너 130ml
부드럽게 흡수되고 향도 은은하고 촉촉 합니다",오딧세이 로맨틱 스킨 리파이너 ml 흡수,True
2,"촉촉하고 순해서 좋아요 
향이너무 순하고젛아요",순하다 순하다,True
2,"선물용으로 구매했어요 ㅎㅎ 
잘 맞았으면 좋겠어요",선물,True
43,"저렴하고 향이 좋고 상쾌해요
감사합니다",감사,True
30,항상 사용하는 제품입니다. 감사합니다.,감사,True
2,"촉촉하고 순해서 좋아요 
향이너무 순하고젛아요",순하다 순하다,True
52,배송도 빠르고 늘 쓰던 제품이라 항상 믿고 잘 쓰고있습니다.,배송 빠르다,True
46,참 좋은 제품입니다 감사합니다 감사합니다,감사 감사,True
2,"향도 적당하고 촉촉하고 좋아요
배송도 빠르고요",배송 빠르다,True
2,배송도 빠르고 제품도 좋네요,배송 빠르다,True
2,선물받으시는분이 너무 좋아하세요~~~~~~~,선물,True
2,선물로 드렸는데 만족한다고 합미다~~,선물 만족,True
-1,선물했는데 받는 사람이 마음에 들어합니다.,선물,True
46,참 좋은 제품입니다 감사합니다 감사합니다,감사 감사,True
14,선물용으로 구매합니다 사용하던 제품입니다.,선물,True
2,선물로 샀습니다 넘 좋네요 맘에 들어하세요,선물,True
-1,"항상 자주 구매하는 상품입니다.
배송도 너무 빨라요~~",배송 빠르다,True
21,"오딧세이 로맨틱 스페셜 2종 세트 재구매합니다.
가격과 혜택이 좋아 매번 추천합니다.
보습 진정 효과가 좋구
패키지도 고급스럽고
스킨, 에멀전, 클렌징폼과 트레블키트를 함께 주는 구성이 좋아 오딧세이 로맨틱 세트 추천합니다!",오딧세이 로맨틱 스페셜 세트 가격 혜택 추천 보습 진정 효과 패키지 고급 스킨 에멀전 클렌징 트레블키트 구성 오딧세이 로맨틱 세트 추천,True
21,스킨로션은 늘 오딧세이 로맨틱 스킨 리파이너를 쓰고 있습니다 한번 써보고 맘에 들어서 그후론 쭉 오딧세이 로맨틱 라인을 사용중입니다 사용감도 좋고 향도 좋고 만족합니다 앞으로도 계속 오딧세이 로맨틱 라인을 쓰지 않을까 싶습니다,스킨 로션 오딧세이 로맨틱 스킨 리파이너 오딧세이 로맨틱 라인 만족 오딧세이 로맨틱 라인,True
-1,"좋은 제품 감사합니다 
재구매하여 사용하겠습니다",감사,True
43,"항상 잘 사용하고 잇습니다
감사합니다..",감사,True
-1,"좋습니다.
향도좋고 감사합니다....",감사,True
49,이니스프리 그린티 세라마이드 크림이 새로 나와서 사용해 보았습니다. 순해서 좋아요. 예전에 그린티 크림 몇 통째 사용하던 것이 있었는데 단종되어서 유목민으로 돌아다니다 비슷한 게 새로 나왔다고 해서 사봤는데 나쁘진 않네요 다만 그전 제품보단 덜 촉촉해서 겨울에는 오일과 함께 바르려합니다.,이니스프리 그린티 세라마이드 크림 순하다 예전 그린티 크림 단종 유목민 나쁘다 겨울 오일,True
49,"이니스프이그린티 세라마이드 크림
 신제품 출시는 그냥 못넘기죠
세라미이드 성분까지 있는 그린티 크림 좋을것 같아요.튜브 타입을 구매 할까 잠깐 고민 했지만 단지타입으로 구매했어요.
그린티 히아루론 크림도 잘사용했는데 이것도 자루사용할것 같아요.",스프 그린티 세라마이드 크림 출시 세라미이드 성분 그린티 크림 튜브 타입 고민 타입 그린티 히아루론 크림 자루,True
43,"잘받았습니다 감사합니다 
맘에들어요",감사,True
49,"그린티 크림 버터 크림이라고도 부르던데 신상이라 또 모셔왔습니다.
이니스프리 그린티 라인은 유명하잖아요 약간 리치하면서 그렇다고 너무 무거운 것은 아니고. 촉촉하게 발리면서
쫀쫀하게 보습해줍니다. 나이트케어로 좋아요.",그린티 크림 버터 크림 신상 이니스프리 그린티 라인 유명 리치 촉촉하다 쫀쫀 보습 나이트 케어,True
-1,"두번째 구매입니다.
잘 쓰겠습니다.
감사합니다.",감사,True
-1,"늘상 날마다샤워를하는데도
가렵지않아서계속쓰고있어요",샤워,True
11,샤워후에 가려움이 있었는데 좋네요,샤워,True
12,"일리윤
핸드크림 촉촉 보습력 좋습니다.",핸드 크림 보습,True
-1,배송 빠르고 너무 마음에 들어요 :),배송 빠르다,True
12,일리윤 세라마이드 무향 핸드크림 써봤어요 핸드크림을 선택할 때 가장 신경쓰는 부분이 향이 거슬리는지 아닌지인데 일리윤 핸드크림은 향이 없는 제품이라 구매했어요 발라보면 적은 양으로도 잘 펴발라지고 바른후엔 깔끔한 느낌이고 흡수가 잘됩니다.,세라마이드 핸드 크림 핸드 크림 선택 신경 핸드 크림 흡수,True
12,"무향 핸드크림을 찾고 있었는데, 일리윤에서도 핸드크림을 판매하고 있는것을 찾게 되어 구매해보았는데 너무 만족해요. 구매한지 몇달 안에 거의 다 썼어요. 회사에서 사람들 눈치 안보면서 핸드크림 계속 바르기에 최고인 아이템이에요. 핸드크림 향이 너무 강하면, 핸드크림 여러번 바르기에 조금 눈치보이잖아요.",핸드 크림 핸드 크림 판매 만족 회사 눈치 핸드 크림 최고 아이템 핸드 크림 강하다 핸드 크림 눈치,True
15,무향이라 아이를 비롯해 온 가족이 사용하기 너무 알밎고 좋은 제품입니다 아이가 사용해도 순해서 쟁여놓고 온가족이 사용하는데 넉넉한 용량 + 리필까지 구비해두니 꽤 오래 쓰고 좋네요 트러블도 딱히 없고 사용하기 좋아요 굿,아이 가족 알밎고 아이 순하다 가족 용량 리필 구비 트러블,True
-1,"아이 늘 쓰는 제품이에요.
향도 좋고 무난하고 조아요",조아,True
19,"좋아요!! 항상 구매해서 쓰고 있어요~~ 항상 쟁여놓고 쓰고있어요 저도 더 쓰려고 또 구매하려구요~~
아이들도 좋아해서 더 잘 쓰고있습니다!! 재구매하고있어요 항상! 너무 좋아요~~ 너무 좋아요 정말 좋습니다 굿이예요!!",아이,True
2,아이들과 항상 사용하는 제품이라 믿고 구매해요,아이,True
15,"사용해봤던 제품이라 미리구매했어요
용량 큰 제품을 샀더니 양이 매우 넉넉해서 아이들뿐만아니라 온가족이 함께 사용해도 좋을것같아요
아이들 씻겨줄땐 올인원 워시라 따로 샴푸쓰거나 하는 번거로움도 줄여주니 편하게사용할수있어 좋아요",용량 아이 가족 아이 인원 워시 샴푸 편하다,True
-1,가볍게 바르기 좋ㅇ고 선물할때도 요긴합니다.,선물,True
15,"항상 사용하던거라서 잘 사용했어요.
아이랑도 같이 사용할수 있어 좋아요.",아이,True
2,배송도 빠르고 제품 좋아요,배송 빠르다,True
2,계속 사용하던 제품이예요 아이들에게도 잘 맞아요,아이,True
2,"쓰고 있는 제품이라 또 주문해요~~
아이가 써도 좋네요",아이,True
2,아이들하고 같이 쓰고 있는데 촉촉하니 좋네요~,아이,True
2,항상 이것만 써요 선물하기 참 좋아요,선물,True
2,"좋아요~~
선물로 보냈습니다 ~~~~",선물,True
2,조아요잘쓰겠습니다~~,조아,True
8,"아이가 정말 잘 사용하고 있어요.
다른 썬크림 사용해보기도 했지만 
프리메라 썬크림이 제일 좋다고 해서
백태가 심하거나 땀에 잘 지워지지 않아서 좋다고해요
그래서 매번 프리메라 썬크림 행사하거나 하면 구매해서 쟁여 놔요",아이 썬크림 프리 썬크림 백태 심하다 프리 썬크림 행사,True
-1,뿌리는 핸드크림이라 좋은것 같습니다 보습력도 적당하고 끈적임이 없어서 언제든지 바로 사용하기 좋습니다 양이 적은게 아쉬워요 ㅤㅤㅤㅤㅤㅤㅤㅤㅤㅤㅤㅤㅤㅤㅤㅤㅤㅤㅤㅤㅤㅤㅤㅤㅤㅤㅤㅤㅤㅤㅤㅤㅤㅤㅤㅤㅤㅤㅤㅤㅤㅤㅤㅤㅤㅤㅤㅤㅤㅤㅤ,핸드 크림 보습,True
6,좋아요 좋긴한데 두통 썼고 재구매는 글쎄 모르겠어요!!!! 다른 좋은게 많아서 새로운거 써보려고 합니다 ㅎㅎ좋아요 좋긴한데 두통 썼고 재구매는 글쎄 모르겠어요!!!! 다른 좋은게 많아서 새로운거 써보려고 합니다 ㅎㅎ선물로좋아요,선물,True
14,"선물용으로 구매했어요. 
받은사람이 좋다고 해서 맘이 놓여요",선물,True
52,잘 사용할 것 같아요. 마음에 듭니다. 배송도 엄청 빨라요.,배송 빠르다,True
24,선물용으로 쓰기 넘 좋아요!! 다들 좋아하네요^^,선물,True
43,잘받았습니다 감사합니다 ㅎㅎ 잘써볼게요 잘받았습니다 감사합니다,감사 감사,True
2,선물용으로 구매함. 향이 좋다고함.,선물,True
-1,선물로 줬는데 잘 사용했다고 하네요.,선물,True
-1,잘받았습니다 감사합니다 ㅎㅎ 잘써볼게요 잘받았습니다,감사,True
17,"수분 크림은 프리메라 알파인 베리 워터리크림에 정착했어요. 
이 제품 만나고 다른 수분 크림으로 넘어가게 되지 않아요. 바르고 나면 촉촉함도 오래가고 끈적이거나 번들거리지 않아서 사용감도 너무 좋아요! 안써본 사람은 있어도 한번만 쓰는 사람은 없을 거라는 생각이 드는 프리메라 제품 중 하나 입니다.",수분 크림 프리 알파인 베리 워터 크림 정착 수분 크림 프리,True
-1,"건조함느끼고 수분크림 브랜드 별로 살피다가 저렴한가격에 효과 기대하며 주문하였습니다.
기대이상으로 얼굴에 스미는 촉촉함과 아침에도 여전히 마르지 않는 수분감이 좋습니다.
탄력크림 사용감 이상으로 만족스럽습니다.
저녁 마무리 크림으로 충분히 롤링하면서 아낌없이 올겨울 함께 하려고 합니다.",건조 수분 크림 브랜드 저렴하다 가격 효과 기대 기대 이상 얼굴 아침 수분 탄력 크림 이상 만족 저녁 마무리 크림 롤링 올겨울,True
4,"5년 넘게 이것만 썼어요!! 사실 수분크림을 사시사철 아주 만족하며 쓰는 건 어려운 일인데.. 여름에 잘 맞는 건 겨울에 당기고 겨울에 잘 맞는 건 여름엔 너무 기름져서? 근데 이건 4계절 내내 사용해도 늘 언제나 트러블이 없습니다. 너무 좋아하는 아니지만,늘 평균이상을 해주는 수분크림입니당",수분 크림 사시사철 만족 여름 겨울 겨울 여름 기름지다 계절 트러블 평균 이상 수분 크림,True
-1,"프리몌라수분크림 뗄래야뗄수없는
최고수분크림입니다
세일 많이하길래 또덥석구매해버렸네요
바로바로흡수되고 거의무향이라너무좋더
라구요~~향에 민감해서 무향인프리메라
순한제품이라 늘 찾게되네요
추가사은품도많아서 너무좋아요
아몰이 있어서 좋아요",프리몌라 수분 크림 최고 수분 크림 세일 흡수 프리 순하다 추가 사은품,True
4,"사실 수분크림을 사시사철 아주 만족하며 쓰는 건 어려운 일인데.. 여름에 잘 맞는 건 겨울에 당기고 겨울에 잘 맞는 건 여름엔 너무 기름져서? 근데 이건 4계절 내내 사용해도 늘 언제나 트러블이 없습니다. 너무 좋아하는 아니지만,늘 평균이상을 해주는 수분크림입니당",수분 크림 사시사철 만족 여름 겨울 겨울 여름 기름지다 계절 트러블 평균 이상 수분 크림,True
17,프리메라 알파인 베리 워터리 수분크림 행사로 저렴하게 구매했어요. 사은품으로 수달 파우치도 받고 샘플도 다양하게 받아서 좋았습니다. 프리메라 알파인 베리 워터리 수분크림은 부드러운 발림성과 촉촉한 마무리감이라 아침저녁 언제든 바르기 좋은 수분크림이에요.,프리 알파인 베리 워터 수분 크림 행사 저렴하다 사은품 수달 파우치 샘플 다양 프리 알파인 베리 워터 수분 크림 발림 마무리 아침 저녁 수분 크림,True
17,"프리메라 알파인베리 워터리 크림
수분크림 튜브 용기라 너무 편해요. 
바를때도 수분감 많이 느껴지고, 바르고 나서도 촉촉함이 오래 유지돼서 좋아요. 
프리메라 제품 순하고 좋은데 특히 알파인베리 워터리 크림은 애장하는 제품중 하나네요.",프리 알파인 베리 워터 크림 수분 크림 튜브 용기 편하다 수분 유지 프리 순하다 알파인 베리 워터 크림,True
35,"1) 일반적으로 물같거 가벼운 타입의 클렌징 오일이 아니었다, 묵직한 느낌으로 클렌징오일과 젤타입 폼클렌징 그 사이! 

2) 젤타입 폼클렌징보다 부드럽게 롤링 되며 첫 도포및 롤링으로 립&아이&페이스 메이크업 의 대부분이 깨끗이 지워졌다

3) 약간의 물을 묻힌후 다시 롤링 해주면 오일이 약간의 거품이 생성되면서 메이크업 잔여물을 깨끗이 지워줌

4) 일반 클렌징 오일과 다르게 산뜻한 마무리감! 

(기존 클렌징 오일은 미끌거리는 느낌이 강해 물세안을 여러번 한 후 클렌징폼으로 2차 세안)

5) 세정력(기본 메이크업 모두 세정됨)및 마무리감(촉촉하고 산뜻한 마무리감)이 좋았다

6) 선크림&베이스 메이크업만 했을때 이 제품 한가지로만 끝!! 

추후 구매의사 1000% 있어요^^",일반 타입 클렌징 오일 클렌징 오일 타입 클렌징 사이 타입 클렌징 롤링 도포 롤링 아이 페이스 메이크업 대부분 약간 롤링 오일 약간 거품 생성 메이크업 잔여 일반 클렌징 오일 다르다 마무리 기존 클렌징 오일 강하다 세안 클렌징 세안 세정 기본 메이크업 세정 마무리 마무리 크림 베이스 메이크업 추후 의사,True
5,"피부가 악건성이어서 매번 세안할 때 어떤 제품을 사용할까? 걱정을 많이 했는데 이번 제품 사용해보니깐 한 번에 세안이 돼서 간편하고 편합니다 ~^^
가장 좋은 거는 포인트를 사용해서 가격 저렴하게 구입하고 포인트도 다시 환급받아서 좋아요. 그리고 제품 하나 샀는데 다양한 샘플들이 아주 넉넉하게 보내주셔서 너무 감사합니다
정품 일 때는 가격이 좀 비싼 부분이 있는데 할인 받아서 쿠폰 사용하니까 저렴하고 좋아요. 잘 사용해 볼게요",피부 건성 세안 걱정 세안 편하다 포인트 가격 저렴하다 구입 포인트 환급 다양 샘플 감사 정품 가격 비싸다 할인 쿠폰,True
35,사용법에는 오일을 펌핑해서 롤링하며 메이크업을 녹여주라도 되어있어요. 그러나. 얼굴에 올리고 2번정도 롤링하는순간 하얗게 비누가 올라오면서 퍽퍽해진다고 해야하나 롤링할수 없는 상태가 되네요 이때 자극이 되구요. 롤링할수 없는 상태다 되다보니 바로 물을 묻혀 거품 세안을 해야해요. 거품은 적당히 만들어지고요. 오일상태에서 메이크업을 녹이는 부분이 거의 없는것 같게느껴지지만 클렌징은 생각보다 잘되는것 겉아요.향도 은은하니 좋네요.,사용법 오일 펌핑 롤링 메이크업 얼굴 롤링 순간 비누 퍽퍽하다 롤링 상태 자극 롤링 상태 거품 세안 거품 오일 상태 메이크업 클렌징,True
35,"클렌징 오일처럼 얇게 롤링되는 느낌보다는

묵직한 느낌이 강한 제품입니다

물없이 제품을 덜어내서 피부에 롤링했을땐

묵직한 느낌의 오일 느낌이 있습니다.

충분히 문지른 후에 물을 많이 묻혀 롤링했더니

바로 거품이 나네요~!

다른 클렌징 오일을 쓰면 사용하고나서 잔여감이 없지않아 있었는데 이 제품은 폼으로 변해서 거품 세안까지 되니 2차 세안을 따로 하지 않아도 개운합니다 ^^

향도 릴렉스가 되는 향이라 인공적이지 않고 너무 좋아요",클렌징 오일 롤링 강하다 피부 롤링 오일 롤링 거품 클렌징 오일 잔여 거품 세안 세안 개운하다 렉스 인공,True
41,"선물용으루 구매함.........................................!
......................................................................!",선물,True
29,"타사 패드 사용했는데 피부랑 잘 안 맞는 것 같아서 찾다가 한율에서 모공패드가 새로 나온 것 같길래 구매했어요.
마침 모공에도 고민이 많았던지라 관리할 겸 사용하려구요.
여기 몰에 있는 패드들은 마스크팩처럼 붙여서 사용하는 게 많았는데 닦토로 쓸만한 두툼한 패드가 나와서 좋아요ㅎ",타사 패드 피부 모공 패드 모공 고민 관리 패드 마스크 닦토로 패드,True
29,패드 마니아라 쟁여놓고 쓰는 편이에요 아직 개봉전이지만 한율 패드 좋은것 같아요 톡톡한 패드가 얼굴에 올려놓고 팩하기 좋아서 어린쑥 패드랑 번갈아가면서잘 쓰고 있어요. 모공고민이 있어서 이번엔 부들밤패드 자주 써보려구요,패드 마니아 개봉 패드 패드 얼굴 어리다 패드 모공 고민 부들 패드,True
29,"쑥패드도 정말 잘 썼는데 부들밤 패드도 정말 좋네요
지금까지 써본 패드 중에서 제일 훨씬 좋아요
쑥패드는 그냥 촉촉해 지는 느낌이었다면 
부들밤 패드는 얼굴에 광이 돌면서 촉촉해져요
번들거리는 광이 아니라 은은한 수분광이라서 화장도 촉촉하니 진짜 잘 먹어요",패드 부들 패드 지금 패드 패드 부들 패드 얼굴 촉촉하다 수분 화장,True
22,"한율 순해서 피부에 잘 맞아서 자주 구매해요 
몆년째 꾸준히 이용중이네요
입술이 건조해서 립밤은 꼭 발라주는데 
촉촉하고 가격도 착한 이제품으로~ 
자초랑 어린쑥 제일 좋아하는데 쌀도 궁금해서 주문했어요 
색이 발색되는건 없는것같아요
그냥 무난하게 초촉하고 자연스러워요
다음에는 서리태도 구매 해봐야겠어요",순하다 피부 이용 입술 건조 립밤 촉촉하다 가격 착하다 자초 어리다 자연 다음 서리 태도,True
22,가성비 좋은 한율 립밤! 오래도록 자초만 써오다 조금 더 내츄럴한게 필요해서 빨간쌀도 구매해봤어요. 발색은 생각보다 많이 자연스럽긴 해요. 보습력은 넘 만족하며 씁니다. 열심히 바르고있어서 그런지 올겨울 입술 터본적없어요,가성비 립밤 자초 내츄럴 필요 자연 보습 만족 겨울 입술,True
22,한율 핸드크림 유자 자초 서리태 빨간쌀 다 써봤는데 저는 자초가 제일 마음에 들어서 또 구매하게 됐어요 요즘 날씨도 덥지만 코로나 시국이라 손소독제 자주 사용하고 손 세정도 자주하게 되어서 굉장히 손이 건조해졌는데 자초는 굉장히 꾸덕한 제형같은데 흡수가 빠르게되고 그만큼 보습도 잘되어서 마음에 듭니다,핸드 크림 유자 자초 서리 자초 요즘 날씨 코로나 시국 소독제 세정 건조 자초 꾸덕 제형 흡수 빠르다 보습,True
9,"마스크팩 봉투를 뜯었는데 유자향이 좋았어요.
상큼한 유자향이 은은하게 나요.
마스크팩을 꺼내니까 에센스가 듬뿍 마스크에 스며있었고, 젤리같은 마스크팩이었어요.
처음에 얇아서 좀 펼치는게 잘 안되긴 했는데요.
펼쳐서 얼굴에 붙이니까 초밀착으로 밀착이 잘 됐어요!
마스크팩 할 동안 앉아 있었는데 에센스가 흘러 내린다거나 마스크가 움직인다 던지 그러지 않았어요.
얇고 밀착이 잘 돼서 피부가 다 비쳐보일 정도예요.
유자향도 좋고 쫀쫀하게 피부에 붙어 있어서 팩하는 동안 편하게 잘 했어요!
에센스가 말라갈때쯤 뗐고, 손으로 얼굴에 있는 에센스 흡수 시켰어요.
에센스가 가볍고 부드러운 느낌에 흡수가 잘 돼요.
마스크 봉지에 있는 에센스도 손으로 긁어서 몸에도 사방데 다 발라줬어요~ 오래간만에 하는 마스크팩이었는데 잘 사용했어요.
정말로 마스크팩 하고 나니까 밝아졌고, 피부 진정이 됐어요",마스크 봉투 유자 유자 마스크 에센스 마스크 젤리 마스크 처음 얼굴 밀착 밀착 마스크 동안 에센스 마스크 밀착 피부 유자 쫀쫀 피부 동안 편하다 에센스 얼굴 에센스 흡수 에센스 흡수 마스크 봉지 에센스 사방 오래간만 마스크 마스크 피부 진정,True
2,선물용으로 구매했는데 넘 만족해요~~~,선물 만족,True
2,"촉촉하고 은은하고 
향도 좋고 아이가 좋아합니다",아이,True
43,이거하나만 써요 제일 좋은고 같아요 감사합니댜,감사,True
11,"두번째 구매입니다
향도 좋고 샤워후 피부가 매끄러워요",샤워 피부,True
2,배송 빠르고 향도 좋고 촉촉해요~~~,배송 빠르다 촉촉하다,True
52,"향도 은은하고 좋았어요
무엇보다 배송이 빨라서 좋네요.",배송 빠르다,True
2,"좋아요
샤워후 당김도 없고
꾸준히 쓸거 같아요",샤워,True
11,"두번째 구매
제일 좋아하는 향인데 샤워후에 피부도 부드러워 재구매해요",샤워 피부,True
-1,"향이 은은하고 좋아요
그런데 겨울에 사용하기에는 건조하네요",겨울 건조,True
-1,선물하려고 샀어요. 좋아하네요. 좋은상품이네요. 재구매강추요,선물,True
-1,좋은상품 감사합나. 양도많네요. 굿굿.,감사,True
2,좋은 제품 감사합니다 너무 싸게 잘 삿어요,감사,True
46,좋은 상품 값싸게 주셔서 감사합니다,감사,True
44,"끈적이지 않고 빠르게 흡수되어서 마음에 들어요 
유통기한 2027년 11월 28일도 긴 편이고 양도 400g으로 넉넉해서 듬뿍 사용하기에도 좋아요
그리고 무엇보다도 향이 너무 좋고 촉촉해서 최고입니다. 
다쓰고 나면 또 구입할거 같아요",빠르다 흡수 유통 기한 최고 구입,True
3,"아크네 클렌징폼을 사용해본 결과, 정말 만족스러웠습니다. 처음 사용했을 때부터 부드러운 거품이 피부에 잘 스며들어 깨끗하게 세안되는 느낌이 좋았고, 특히 메이크업 잔여물이 깔끔하게 제거되는 점이 마음에 들었습니다. 사용 후 피부가 건조해지지 않고 촉촉함이 유지되어, 세안 후에도 편안한 느낌이 들었습니다. 또한, 자극 없이 부드럽게 세안할 수 있어 민감한 피부에도 잘 맞는 것 같아요. 앞으로도 꾸준히 사용하고 싶고, 주변에도 추천하고 싶습니다.",아크네 클렌징 결과 만족 처음 거품 피부 세안 메이크업 잔여 제거 피부 건조 유지 세안 편안 자극 세안 피부 주변 추천,True
-1,"항상 사용하고 n번째 재구매 중인 제품입니다
열일해주세요 감사합니다 😀😀😀😃😃😃😄😄😄😁😁😁😆😆😆🤣🤣🤣😂😂😂🙂🙂🙂🙃🙃🙃🫠🫠🫠😉😉😉😊😊😊😇😇😇🥰🥰🥰😍😍😍",감사,True
20,기대없이 저렴해서 사본건데 너무 만족스러워요 매일 아침저녁에 아낌없이 막 쓰기 좋아요 뽀득뽀득 잘 씻기는데 그다지 당김은 안느껴지고 매끈매끈해져요. 선크림만 바른날에도 잘 지워져서 좋네요. 데일리 세안용으로 추천합니다,기대 만족 아침 저녁 크림 데일리 세안 추천,True
26,해피바스 제로퍼센트 저자극 버블 핸드워시 500ml 잘 받았어요. 매일 매일 손을 자주 씻기 때문에 핸드워시가 아주 중요한 제품인데 자극이 없어서 참 좋습니다. 보습에도 도움이 되고 청결하게 손을 유지해주는 핸드워시라서 마음에 들어요. ^^,해피 바스 자극 버블 핸드 워시 ml 핸드 워시 중요 자극 보습 도움 청결 유지 핸드 워시,True
-1,무향이고 아이와 함께 잘 사용중이에요.계속 재구매중입니다.,아이,True
-1,무향이라 아이와 쓰기 좋아요.계속 재구매 하고 있습니다.,아이,True
2,무난하게 사용할 수 있는 핸드워시입니다,핸드 워시,True
2,핸드워시 깔끔하게 잘 쓰고 있어요 ~~,핸드 워시,True
-1,사용하기조아요,조아,True
26,무난하게 사용할 수 있는 핸드워시!,핸드 워시,True
26,해피바스 제로퍼센트 저자극 버블핸드워시 500ml 잘 사용하고 있습니다. ^^ 가족들이 모두모두 매일매일 손을 자주 씻어서 핸드워시를 금방 다 사용하더라고요. 용량이 작은 것은 너무 자주 바꿔줘야 해서 불편하고 귀찮은데 해피바스 제로퍼센트 저자극 버블핸드워시는 대용량이라서 오래 쓸 수 있어서 정말 좋습니다. 저자극이라서 안심하고 사용하고 있네요. 강추해요!,해피 바스 자극 버블 핸드 워시 ml 가족 핸드 워시 용량 불편 귀찮다 해피 바스 자극 버블 핸드 워시 용량 자극 안심,True
11,"상큼한 향과 샤워후 상쾌함을 느낄수 있어서
 좋았습니다. 계속 사용할듯여",샤워,True
41,진짜조아요~!!!!!!!!!!!!!!!!!!!!!!!!!!!!!!!!!!!!!!!!!!!!!!!!!!!!!!!!!!!!!!!!!!!!!!!!!!!!!!!!!!!!!!!!!!!!!!!!!!!!!!!!!!!!!!!!!!!!!!!!!!!!!!!!!!,조아,True
50,잘 사용중입니다. 쿠션보다 양이많고 오래쓸수 있어서 마음에들어요. 촉촉하면서 부드럽게 커버되면서 글로시한 표현이되어 좋습니다. 사은품 란제리 블러쉬는 볼터치 표현이 가능해서 마음에들어요. 파우치는 세워져서 사용이 편해요.,쿠션 커버 글로시 표현 사은품 란제리 블러 터치 표현 가능 파우치 편하다,True
36,얼굴이 블랙 쿠션만 간신히 허락해주는 극지성인데 글로우 파데 써보려고 샀어요 파운데이션 톤이 낮아서 한 톤 높여서 샀는데도 블랙 쿠션이랑 같이 써야될 것 같긴 해요 얇게 잘 발리는데 커버력은 흠...그거 외에는 다 좋아요,얼굴 블랙 쿠션 허락 지성 파운데이션 블랙 쿠션 커버,True
-1,잘받았습니다 감사합니다 잘써볼게요,감사,True
50,잘 사용중입니다. 쿠션보다 양이많고 오래쓸수 있어서 마음에들어요. 촉촉하고 부드럽게 커버가되고 글로시한 표현이되어 너무 좋습니다. 사은품 란제리 블러쉬는 볼터치 표현이 가능해서 마음에들어요. 파우치는 세워져서 사용이 편해요.,쿠션 촉촉하다 커버 글로시 표현 사은품 란제리 블러 터치 표현 가능 파우치 편하다,True
27,"원래 블랙 쿠션+파데 쓰는 사람인데
겨울에 글로시+촉촉한 제품을 찾다가 새로 나왔대서 써봤어용
블랙 파데 보다 확실히 촉촉하고 제형이 묽어요
무엇보다 발랐을 때 무겁지 않고 바르고 나면 가벼움 + 촉촉한 느낌이 들어서 좋습니다
근데 이런 글로시한 파데의 특성상 커버력은 완전 낮고 ㅜ
얼굴 잘못 터치하면 밀려나가서 조심해야 해요!!

오랜만에 피부에 잘 맞는 템 찾아서 계속 쓸 것 같은데
커버력이 좀만 더 좋아지면 좋겠다 생각합니당
그리고 같이 주는 브러쉬랑 사용했더니 균일하게 잘 바를 수 있어서 좋아용",블랙 쿠션 겨울 글로시 블랙 촉촉하다 제형 글로시 파데 특성 커버 얼굴 터치 조심 오랜만 피부 커버 브러쉬 균일,True
36,"제 피부타입은 지성이고 블랙쿠션을 너무 잘 쓰고 있는데 헤라의 글로우 쿠션도 궁금해서 구매해봤어요. 블랙쿠션과 비교하자면 이 쿠션이 글로우하긴 하지만 번떡번떡 광 아니고 절제된 광이 나요. 저는 어떤 파데/쿠션을 써도 웬만큼 광이 잘 나는 지성피부인 것을 감안할 때 광이 많이 나는 쿠션이라고 보긴 어려워요. 다만 저는 보통의 광채 쿠션을 쓰면 개기름처럼 보이기 때문에 이정도의 글로우 만족합니다. 그런데 블랙쿠션에 비하면 커버력이 많이 낮고 피부결 보정력이 훨씬 덜합니다. 블랙쿠션 쓰고는 피부 좋아졌다는 말을 종종 들었는데 이 쿠션은 그런 뽀용한 느낌은 아니네요. 그래서 피부에 가릴 것은 많이 없지만 너무 기름진 광은 싫다 하는 지성, 복합성 분들께 적합할 것 같아요. 색은 화사하니 예쁘고 다크닝도 느껴지지 않습니다. 저는 중요한 날에는 블랙쿠션을 쓰고 집 앞에 잠깐 나갈 때 이 쿠션을 쓸 것 같아요.",피부 타입 지성 블랙 쿠션 쿠션 블랙 쿠션 비교 쿠션 절제 파데 쿠션 지성 피부 감안 쿠션 보통 광채 쿠션 개기름 만족 블랙 쿠션 커버 피부 보정 블랙 쿠션 피부 쿠션 피부 기름지다 복합 적합 예쁘다 다크닝 중요 블랙 쿠션 쿠션,True
36,"블랙쿠션만 주구장창 써오다가 겨울에 너무 건조했어서 새로 구매해봤어요^^ 블랙쿠션보다 가격이 꽤 있는데...
블랙쿠션보다 촉촉하지만 커버력은 낮구요
볼쪽만 글로우쿠션써야할 것 같아요
지속력도 블랙쿠션보다 낮구요ㅜㅠ
촉촉한건 좋았지만 단점이 더 많은 것 같아서 다시 블랙쿠션으로 돌아갈 것 같아요
저는 약간건성이라 겨울에만 이 쿠션쓰고 간절기때는 볼쪽만 쓸 것 같네요",블랙 쿠션 구장 겨울 건조 블랙 쿠션 가격 블랙 쿠션 커버 쿠션 지속 블랙 쿠션 촉촉하다 단점 블랙 쿠션 건성 겨울 쿠션 절기,True
50,"빠른배송으로 잘 받았습니다.
촉촉하고 부드럽게 커버가되서 좋아요. 블랙쿠션보다 가볍고 얇게 밀착 커버되면서 글로시한 표현이되어 좋습니다. 사은품 란제리 블러쉬는 볼터치 표현이 가능해서 마음에들어요. 파우치는 세워져서 사용이 편해요.",빠르다 배송 촉촉하다 커버 블랙 쿠션 밀착 커버 글로시 표현 사은품 란제리 블러 터치 표현 가능 파우치 편하다,True
0,"촉촉한 발림성이 좋은 헤라 립밤입니다~
112 본 프리 구매했는데,
본연의 입술색을 자연스러우면서도 생기가 돌게, 그렇다고 발색력이 없지 않아 건강하고 예쁜 핑크 입술로 표현해 주는 정말 혈색핑크라는 설명이 딱 맞는 립밤입니다~
입술을 진하게 하지 않는 제게 딱 맞는 컬러감이에요~",발림 립밤 프리 입술 자연 생기 건강 예쁘다 핑크 입술 표현 혈색 핑크 설명 립밤 입술 진하다 컬러,True
32,"확실히 모공커버가 되는 듯 해요!
파우더를 발랐을 때 처럼 아예 유분기가 모조리 없어지는 매트한 느낌은 아닙니다. 제품 내장된 브러쉬로 살살 쓸어서 적용하면 가볍게 프라이머 파우더가 밀착이 돼요!
갑갑한 느낌도 아니구요, 사용 후 쿠션 사용하면 확실히 커버가 더 잘 되네요!",모공 커버 파우더 유분 매트 내장 브러쉬 적용 프라이머 파우더 밀착 쿠션 커버,True
4,"겨울천이라 넘넘 건조해서 사용해봤더니
쫀득쫀득 좋아요",겨울 건조,True
3,"💧💧피부속 수분을 채워주는 수분촉촉 크림스킨💧💧

라네즈 크림스킨은 처음 출시되었을때부터 현재 리뉴얼된 제품까지 몇년동안 쭈우욱~~ 쓰고잇어요~🙌

피부 기초단계때 닦토할때 화장솜에 적셔서 피부결도 정리할때 크림스킨을 사용하고 피부속 수분을 채워주기 위해서 화장솜패드에 듬뿍 적셔서 양쪽 볼이랑 이마에 팩처럼 사용하고 잇는데 정말 꾸준히 몇년을 사용하니 속건조도 없어지고 피부과 다년온것 처럼 물광피부로 바뀌더라구요🚩

피부장벽부터 탄탄하게 만들어주고 수분을 모공 속부터 채워주어서 하루종일 피부건조함 없이 만들어주고 너무너무 착한 보습스킨인것 같아요~~

얼마전에 리뉴얼되었는데 용기 디자인도 더 귀여워지고 용량도 더 많아져서 넘 좋아요~~

저는 피부 기초케어에서 스킨단계가 가장 중요하다고 생각하기때문에 스킨 고를때 가장 신중한 편인데 라네즈 크림스킨 제품을 한번 써보고 몇년째 정착해버렸습니다~~~~

크림을 녹여서 만든 스킨이라 역시 보습+탄력+장벽케어 를 한번에 할수 잇다는 장점이 너무 좋아요",피부 수분 수분 크림 스킨 크림 스킨 처음 출시 리뉴얼 동안 쭈우욱 피부 기초 단계 화장 피부 정리 크림 스킨 피부 수분 화장 패드 양쪽 이마 건조 피부과 다년 피부 피부 장벽 탄탄하다 수분 모공 하루 종일 피부 건조 착하다 보습 스킨 얼마 리뉴얼 용기 디자인 용량 피부 기초 케어 스킨 단계 중요 스킨 신중 크림 스킨 정착 크림 스킨 보습 탄력 장벽 케어 장점,True
-1,"예전에 크림스킨이 처음 출시되었을때 진짜 획기적인 제품이라는 생각이 들었어요
크림과 스킨을 접목할 생각을 하시다니..!!
미스트펌프도 같이 구성되어있어서 건조함을 느낄때 수시로 크림미스트 뿌려주면 촉촉하니 넘좋아요!! 
본품에 리필에 샘플까지 구성되어있어서 가성비좋게 너무 잘샀습니당ㅎㅎ",예전 크림 스킨 처음 출시 획기적 크림 스킨 접목 미스트 펌프 구성 건조 크림 미스트 리필 샘플 구성 가성비,True
6,"거의 다 써갑니당 ㅎㅎㅎ 믿고 쓰는 라네즈 크림스킨~~~~ 화장하기 전에 뿌리고 흡수시키면 화장 잘 먹어거 좋습니당!! 좋아서 친구들한테도 선물했어용 ㅎㅎㅎㅎ 가을 겨울에 딱인 느낌 ㅎㅎ 보습 좋아요~~ 그리고 미스트펌프 너무 편해서 잘 쓰고있습니다…
세안 후 칙칙 뿌리면 보습 끝!!!",크림 스킨 화장 흡수 화장 친구 선물 가을 겨울 보습 미스트 펌프 편하다 세안 보습,True
25,"퍼펙트리뉴 3X 세럼 어드밴스드 기획세트 한 달 사용 후, 피부 톤이 확실히 맑아지고 눈에 띄던 모공이 줄어든 게 느껴졌어요. 보습감도 좋아 촉촉하게 흡수되고, 크림과 함께 쓰면 피부가 더욱 쫀쫀해집니다. 주름, 탄력, 광채까지 한 번에 관리할 수 있어 재구매 의사 있어요.",퍼펙트 세럼 어드밴스드 기획 세트 피부 모공 보습 촉촉하다 흡수 크림 피부 쫀쫀 주름 탄력 광채 관리 의사,True
25,"라네즈 퍼펙트 리뉴 3X 시그니처 세럼 은 주름개선, 탄력, 광채 3가지 효과가 있는 3가지 제형의 세럼을 포함하여 한꺼번에 짜서 섞어서 적용할 수 있는 신기한 세럼이라서 더 좋고 효과가 극대화 되는 것 같아서 만족스럽습니다",퍼펙트 시그니처 세럼 주름 개선 탄력 광채 효과 제형 세럼 포함 적용 세럼 효과 극대 만족,True
28,특이하게 3가지 에센스가 동시에주름 탄력 광채를 한꺼번에 해결할 수 있는 복합세럼인데 의외로 산뜻하게 스미면서 촉촉해서 좋아요,특이 에센스 동시 주름 탄력 광채 해결 복합 세럼,True
14,선물하려고 구매했어여. 좋아하시네요.,선물,True
2,"선물했는데 발림성도 좋고
순하다고 만족해 하십니다",선물 발림 순하다 만족,True
45,"원지 유튜브 보고 주문했어요~ 상품이 나온다는거 알고 아모레 들어와보니 제품 판매를 하고 있네요
원지 유튜브에서 말한거처럼 에센스 처럼 원한다고 하더니 진짜 썬크림 같지안고 기초 화장품 처럼 발림성이 나와요",원지 유튜브 아모레 판매 유튜브 에센스 썬크림 기초 화장품 발림,True
45,유튜브에서 보고 좋아보여서 구매했어요. 발림성 좋고 촉촉해서 건조할 때 쓰기도 좋고 화장전에 쓰기도 좋았어요. 향도 무난하니 괜찮았아요. 사용하고 눈시림도 못느꼈고 트러블 올라오는거도 없었습니다. 다시 구매할 거 같아요,유튜브 발림 촉촉하다 건조 화장 괜찮다 시리다 트러블,True
44,"유통기한이 28년2월까지 넉넉해서 좋아요.
같이 온 샘플 먼저 사용해서 맞는지 테스트해봤는데 괜찮은듯요.",유통 기한 샘플 테스트 괜찮다,True
2,선물용으로 구매했는데 너무 좋아하네요,선물,True
43,감사합니다 잘 쓰고있어요,감사,True
43,감사합니다 잘 쓸게요,감사,True
27,"라네즈 바운시 세럼 
피부 주름 개선 도움을 준다
나이가 드니깐 주름이 하나둘
모공이 넘 커지니깐 보기 힘드러요
깨끗하게 씻고 팩하고 마사지하고 잘 관리를 해야할것 같아요
피부가 조금씩 촉촉하니 좋은것 같아 잘 바르고 있어요",세럼 피부 주름 개선 도움 나이 주름 모공 힘드러요 마사지 관리 피부,True
2,"촉촉하고 산뜻해요 
첫구매했어요 
조아요 ~~",조아,True
2,배송 빠르고 꼼꼼하게 잘왔어요 잘쓸게요,배송 빠르다,True
52,"배송 빠르게 잘 받았습니다.
향이 좋고 사용감이 좋아요.",배송 빠르다,True
39,"라보H라인중 두피강화는 남편이 쓰고 있다!
샴푸는 시원하다고 피드백 받고 있고
나는 모발강화라인으로 구매~
기대해봄^^",라보 라인 두피 강화 남편 샴푸 피드백 모발 강화 라인 기대,True
1,두피가 자주 가렵고 머리가 많이 빠지는 것 같아서 도움되는 샴푸 찾아보다 아모레몰에 라보에이치 두피강화 샴푸 있길래 구매해서 꾸준히 사용중입니다. 눈에 보이는 효과는 모르겠지만 머리 감을때 이전 사용하던 샴푸보다 개운해서 좋습니다.,두피 머리 도움 샴푸 아모레 라보 에이치 두피 강화 샴푸 효과 머리 이전 샴푸,True
2,"선물로 받은뒤 제품이 맘에 들어서
제구매 했습니다",선물,True
24,리필팩이라 조아요 환경에 도움됨~^^* 리필팩이라 조아요 환경에 도움됨~^^* 리필팩이라 조아요 환경에 도움됨~^^* 리필팩이라 조아요 환경에 도움됨~^^* 리필팩이라 조아요 환경에 도움됨~^^* 리필팩이라 조아요 환경에 도움됨~^^*,리필 조아요 환경 도움 리필 조아요 환경 도움 리필 조아요 환경 도움 리필 조아요 환경 도움 리필 조아요 환경 도움 리필 조아요 환경 도움,True
37,"아모레퍼시픽 몰에서 각종 혜택 받고 잘 사용중인 뷰티템입니다 매일 들어가보는 재미가 있는 아모레몰 어플 ㅋㅋ 조아요

아모레퍼시픽 몰에서 각종 혜택 받고 잘 사용중인 뷰티템입니다 매일 들어가보는 재미가 있는 아모레몰 어플 ㅋㅋ 조아요",아모레퍼시픽 각종 혜택 뷰티템 재미 아모레 어플 조아요 아모레퍼시픽 각종 혜택 뷰티템 재미 아모레 어플 조아,True
30,"매일 사용하는 제품이 리필도 출시되어 너무 좋네요
매일 사용하는 제품이 리필도 출시되어 너무 좋네요매일 사용하는 제품이 리필도 출시되어 너무 좋네요매일 사용하는 제품이 리필도 출시되어 너무 좋네요매일 사용하는 제품이 리필도 출시되어 너무 좋네요",리필 출시 리필 출시 리필 출시 리필 출시 리필 출시,True
23,"여름이라 쿨링샴푸라 시원하니 더 좋습니다
샴푸할때 사용후에도 상쾌하니 좋아요",여름 샴푸 샴푸,True
2,선물용으로 구매했어요 좋아하시네요~ㅎㅎㅎ,선물,True
2,선물받았는데 사용감 좋습니다만족합니다,선물 만족,True
2,사용하기조아요,조아,True
-1,맘에들어요재구매해요감사합니다굿굿입니다,감사,True
1,"라보에이치 두피강화클리닉 쿨링&노세범 샴푸 쿨링이라
샴푸후 상쾌함이 좋아요 일주일에 한두번은 라보에이치 두피강화클리닉 쿨링&노세범 샴푸로 나머지는 라보에이치 탈모샴푸로 깨끗하게 샴푸하면 탈모에 도움이 되리라 생각하고 깨끗하게 샴푸합니다",라보 에이치 두피 강화 클리닉 노세 샴푸 샴푸 라보 에이치 두피 강화 클리닉 노세 샴푸 나머지 라보 에이치 탈모 샴푸 샴푸 탈모 도움 샴푸,True
46,"아주 마음에 들어요! 좋은 제품 잘 쓰겠습니다. 감사합니다.
 . .",감사,True
0,"려 우아체 멋내기 새치크림
염색약 색깔 오렌지브라운 
예쁜색으로 염색이되니 좋네요
소포장 3회분으로 들어있어서
신선하게 사용가능하게 만들어져서
좋은제품이예요
염색할때 눈따갑거나 두피 자극없이
염색이 잘되니 정말 굿입니다",우아체 새치 크림 염색약 색깔 오렌지 브라운 예쁘다 염색 포장 가능 염색 두피 자극 염색,True
23,"여름에 쓰기 좋은 샴푸예요
용량도 크고 만족합니다",여름 샴푸 용량 만족,True
38,"필요한화장품있을때마다
 항상 아리따움몰에서 
구매하는데 
이번에는 소품종류도 세일해서 
같이사봤어요~~ 
배송도 빨리왔고 
물건들도 다 좋아요 
마음에들어요 감사합니당~~
포장도 비닐사용없이
종이들로 완충포장 되어와서
분리배출하기 편해요
감사합니당~~",필요 화장품 소품 종류 세일 배송 물건 감사 포장 비닐 종이 완충 포장 분리 배출 편하다 감사,True
5,"리필용은 가격이 적당해서 아모레몰에서 구입합니다
처음에 세트 구성 가격이 정말 정말 좋았지만
요즘엔 살짝 비싸거든요 
리필 가격은 좋은 편 인 것 같습니다
두피에는
자극적이지 않습니다
머릿결은 엄청 좋아지진 않지만 계속 쓰고 싶은 제품입니다",리필 가격 아모레 구입 처음 세트 구성 가격 요즘 비싸다 리필 가격 두피 자극 머릿결,True
30,재구매에요. 리필용이 있어서 좋아요. 그럭저럭 쓸 만해요. 리필용이 있어서 환경 보호 하는 것 같네요. 제품은 그럭저럭 쓸만해요. 리필용이 있어서 좋아요. 그럭저럭 쓸만해요. 리필용이 있어서 좋아요. 그럭저럭 쓸만해요. 좋아요.,리필 리필 환경 보호 리필 리필,True
24,환경을 생각하면 리필이 최고인거같아요^^,환경 리필 최고,True
0,"려 두피편한검은콩염색 벌써 검은콩염색약을 쓴지도 1년이 다되가는듯하네요
일단 염색도 잘되고 컬러감도 자연스럽고 지속력도 좋고 가격도 적당해서 꾸준히 사용하고 있어요 피부에도 자극적이지 않았으면 하고 바라봅니다 또 구매합니다",두피 편하다 염색 염색약 염색 컬러 자연 지속 가격 피부 자극,True
-1,상품 항상 사용합니다. 선물로도 좋네요,선물,True
2,배송 정말 빠르고 좋아요~,배송 빠르다,True
7,"롱테이크 샌달우드 오드퍼퓸.
향이 금방 날아가요.
그래서 금방 사용해버립니다.",테이크 우드 오드퍼퓸,True
2,배송도 빠르고 상품도 좋아요 향이 너무 좋아 재구매 하고 싶어요,배송 빠르다,True
10,향수의 향기가 너무 좋아서 앞으로 이 향수만 쓸거같아요. 지속력도 오래갑니다.,향수 향기 향수 지속,True
-1,너무 좋아요.선물용으로 샀는데 향이 좋아서 저도 하나 사ㅆ어여,선물,True
19,제가 사용 후. 향이 너무 좋아서 선물하려고 다시 구매했어요 우디향이 너무 좋아요 잘샀어요 감사합니다 또 주변에도 추천할게요 몇개 추가로 더 주문해야 겠어요 좋은 제품입니다 ㅎㅎ 감사합니다 좋은하루 보내세요 ㅎㅎ,선물 감사 주변 추천 추가 감사 하루,True
-1,딸이 좋다고하네요. 좋은제품 감사해요,감사,True
-1,선물주려고샀어요.늘사용하는제품이라좋은건당연하고요,선물,True
43,향이 너무좋아요 잘받았습니다 감사합니다,감사,True
38,"🖤 롱테이트 솔리드 퍼퓸 디스커버리 3종 키트 🖤 

 🌟 원래도 롱테이크 제품 좋아해서 본품도 있지만 휴대용으로 들고다니려고 일부로 체험 키트로 주문했어요 ! 휴대용으로 들고다니기 너무 좋은 사이즈여서 오히려 본품보다 좋더라고요 ㅎㅎ 향은 뭐 말할것도 없이 마음에 들고 3가지 향 모두 우디향을 좋아하는 저한테는 잘 맞았습니다 👍 향은 워낙 개인차가 크고 호불호가 갈리다보니 꼭 시향 후 구매하시길 추천드립니다 !! 저는 개인적으로 우디, 바질 , 베티버, 무화과 향을 극호하는 편이라 정말 좋아하는 제품입니다 🫶 휴대용으로 들고다니면 금방 다 사용할 것 같아서 다 사용하면 재구매하러 오겠습니다 !!",테이트 솔리드 퍼퓸 디스커버리 키트 테이크 휴대 체험 키트 휴대 사이즈 우디 개인차 호불호 시향 추천 개인 우디 바질 베티버 무화과 휴대,True
40,세가지 향이 모두 개성이 달라서 기분이나 상황에 따라 바꿔쓸 수 있어서 좋은 것 같아요. 가격이 저렴하게 미니미버전으로 출시해주셔서 모두 경험해보니 좋네요 지난번에 품절이었는데 풀렸길래 바로 구매했습니다 ㅎ 크기고 작아서 들고다니기 너무 좋은 것 같고요 일단 발랐을때 다른 고체향수에 비해서 지속력이 오래가고 향기가 굉장히 매력있어요,개성 다르다 기분 상황 가격 미니 버전 출시 경험 지난번 품절 크기 고체 향수 지속 향기 매력,True
34,"코스메틱 파우치에 하나씩 넣어 다니고 있어요
오전에 집에서 뿌린 향이 희미해질무렵 손목 뒷목 문질러 발라주면 레이어드라고 해야하나? 암튼 매력적인 향이 납니다
유니섹스한 향들이지만 충분히 여성여성해요
휴대성이 최고의 장점입니다",코스메틱 파우치 오전 손목 뒷목 레이어드 매력 유니섹스 여성 여성 휴대 최고 장점,True
40,"휴대하기 너무 좋은 향수입니다
고체라서 샐 걱정도 없고 너뮤 좋아요
세가지 향이 각각 매력넘치네요
너무 좋아요 완전
세가지 나눠서 쓰는 중인데 좋아요
용량이 작긴 하지만 휴대성이 좋아서 만점 드립니다
오십퍼 할인가로 구매했어요",휴대 향수 고체 걱정 너뮤 매력 용량 휴대 만점 할인,True
2,향이 좋아요 롱테이크 향 오래 가용 굿,테이크,True
-1,좋아요 배송도 빠르네요 굿 좋습니다 .,배송 빠르다,True
42,샌달우드 써보고 넘 조아서 다른 향도 써보고 싶은 마음에 주문했는데 요것도 대만족 향도 넘 좋고 촉촉하고 샤워하고 난후 좋은 향기가 가득~~ 머리까지 맑아지는듯한 기분에 날아갈듯 ㅋㅋ싸구려 향이 아니라 자연의 깊고 그윽한 향에 경쾌한 느낌까지 롱테이크 어쩜 이리 조은지 하나 버릴게 없는 제품입니다 대만족 ^^꼭 써보세요 다른건 못써요,우드 조아 다르다 만족 촉촉하다 샤워 향기 머리 기분 싸구려 자연 테이크 조은 만족,True
19,"선물로 드렸어요 받으시는 분께서 
향이 좋다고 좋아하시더라구요
좋은 제품 만들어주셔서 감사합니다 
선물할때 재구매하려고요 
선물로 드렸어요 받으시는 분께서 
향이 좋다고 좋아하시더라구요
좋은 제품 만들어주셔서 감사합니다 
선물할때 재구매하려고요",선물 감사 선물 선물 감사 선물,True
7,샌달우드 향이 좋아서 구매했어요....추천합니다..롱테이크 제품 다 괜찮습니다..,우드 추천 테이크 괜찮다,True
2,선물용 구매했어요 향이 너무좋아요~~,선물,True
-1,"향이 좋은 제품
선물용으로 구매
좋아하시네요",선물,True
11,샤워때 잘 사용중 촉촉하고 은은한 향,샤워,True
34,"40대 여성이예요. 우드향을 참 좋아하는데, 제가 좋아하는 우드향보다 조금 더 깊고 묵직한 느낌이예요. 지인들은 남자향수같다고 하는데 저는 강하지만 은은해서 참 좋더라구요 고체향수라 향이 지속성이 좋아 마음에 들어요",여성 우드 우드 지인 남자 향수 고체 향수 지속,True
2,조아요 잘 스며드는 편이에요 ㅎㅎ강추,조아,True
2,배송도 빠르고 좋아여~~~~~~~~~~~,배송 빠르다,True
-1,배송 빠르게 잘 받았습니다,배송 빠르다,True
42,향은 진짜 좋아요 좋아서 향수도 삿음.. 추천합니다 꽤 오래 쓰네요 굿 짱 최고 향 오래는 안 감 그래도 기분이 조아요 그래도 이름이 롱테이큰데 향 좀 오래 갓으면 조켓어요 향수도 향이 오래 안 가더라구요 그래도 좋아요,향수 추천 최고 기분 조아 이름 테이크 조켓어요 향수,True
51,롱테이크 헤어오일 끈적임도 적고 무엇보다 향이 너무 좋아요,테이크 헤어 오일,True
-1,롱테이크 헤어오일 향이 좋도 오래 가요,테이크 헤어 오일,True
46,"모든점에서 마음에듭니다
좋은 제품 감사합니다",감사,True
51,"롱테이크 제품 향이 좋아요
제품이 좋습니다",테이크,True
48,"처음에는 이게 뭐 화장할때 큰 차이가 있겠어 …? 
하고 너무 후기가좋아서 속는셈치고 주문하고 오자마자 써봤는데 이젠 이거없으면 안되는 유목민이 되어버렸습니다..선크림 조차도 바르면 뭉친게 심해서 나름 거울보고 열심히 펴 바른다 해도 해결이 안되었어요 그런데 이제는 이걸 접한이후로 뭉침덜하고 촉촉하게 시작하고 깔끔하게 화장을 끝낼수있어서 이제는 쟁여놓고 삽니다..",처음 화장 차이 후기 이제 유목민 크림 심하다 거울 해결 이제 이후 시작 화장 이제,True
32,"수부지 민감성 피부인데 자극없이 트러블 없이 사용할 수 있어서 좋아요. 메이크업은 잘 지워집니다. 롤링하기 좋게 사용감도 엄청 부드럽고 마음에 들어요. 블랙헤드에도 효과가 있으면 좋겠네요. 
아쉬운 점은 속뚜껑이 분명 있는데 제품을 개봉하면 속뚜껑 없이 사용하게끔 만들어졌네요. 뒤로 여는 뚜껑만 열어서는 속뚜껑이 열리지 않아서 뚜껑을 돌려서 열어야지만 속뚜껑을 들어낼 수 있었어요. 
사진처럼 본통 뚜껑에 스파츌라를 끼워두었네요. 
이런 클렌징밤 제품도 튜브형으로 나오면 더 좋겠다 싶어요. 뚜껑 열고 스파츌라 빼서 쓰고 다시 끼워두고 하는것도 번거롭다보니.. 
가격이 단점이긴 한데 메이크업 잘 지워지는거 보면 아깝진 않은것 같아서 추가구매 했습니다. 

지금 같이 주는 세안밴드 아주 맘에 듭니다. 너무 짱짱하지도 헐겁지도 않아서 딱 좋아요",수부 피부 자극 트러블 메이크업 롤링 블랙 헤드 효과 뚜껑 개봉 뚜껑 뚜껑 뚜껑 뚜껑 뚜껑 사진 뚜껑 스파츌라 클렌징 튜브 뚜껑 스파츌라 가격 단점 메이크업 추가 세안 밴드,True
48,"새로 나와서 써보고 싶었고 응모해놓고 까먹고 있었는데 당첨이 되네요. 아마도 그것은 제가 아몰에서 많이 사서..ㅋㅋ

결론을 말하자면, 세정력이 좋습니다. 그리고 발림성도 좋고요. 민트 라는 단어가 들어있는데 화하거나 그런 건 전혀 없습니다.
저는 건성인데, 이걸 문지르는 순간과 유화과정 중엔 촉촉했고 씻어내고 나면 건조했습니다. 참고하세요.
블랙헤드는 조금 정돈된 느낌입니다. 드라마틱하게 사라지진 않고요.

다른 분들 후기 보니 출시 기념으로 주는 세안밴드가 좋다고 하네요.
후기 끝!",응모 당첨 결론 세정 발림 민트 단어 건성 순간 유화 과정 건조 참고 블랙 헤드 정돈 드라마틱 후기 출시 기념 세안 밴드 후기,True
2,선물용으로구매 받는사람이 너무 좋아했습니다,선물,True
37,마몽드 모이스처 세라마이드 스킨 소프너 모이스처 세라마이드 스킨 소프너 스킨 소프너 세라마이드 모이스처 수분 촉촉 마몽드 수분감 보 습 스킨 소프너 모이스처 세라마이드 마몽드 모이스처 세라마이드 마몽드 스킨 소프너 좋아요 굿굿,모이스처 세라마이드 스킨 소프너 모이스처 세라마이드 스킨 소프너 스킨 소프너 세라마이드 모이스처 수분 수부 스킨 소프너 모이스처 세라마이드 모이스처 세라마이드 스킨 소프너,True
39,"5통 넘게 구매해서 사용중인데 마몽드 제품중에 제일 좋아요~^^
케이스도 핑크핑크하게 바뀌어서 이쁘구요^^향도 좋고 흡수도 잘되서 좋아요^^
겨울이나 환절기에 사용하기 너무 좋구요^^앞으로 계속 재구매 의사 있어요~^^",케이스 핑크 핑크 이쁘다 흡수 겨울 환절기 의사,True
2,겨울이라 그런지 너무 건조해서 구매했는데 촉촉하니 좋아요,겨울 건조,True
